profile,report_status,scenario,repeat,sample_status,low_probes,input_attempts,accepted_FE,steady_extracted_FE,DBtransactions,SQL_statement_events,worker_completed_tasks,db_deadlock_retries,worker_errors,queue_rejected,quarantined,SQL_statement_errors,sink_Jain_index,max_sink_unserved_seconds,conserved,residue_empty,db_transaction_attempts,db_statements,deferred_registry_decodes,dropped_wake_hints,local_exchange_calls,local_input_units,local_output_units,batch_devices,batch_records,batch_payload_bytes,local_wakes,remote_hint_wakes,poll_fallback,empty_batches,allocation_misses,local_credit_publications,wal_writes,wal_bytes,wal_identical_skipped,A_WAL_barrier_end_ring_p50,A_WAL_barrier_end_ring_p95,A_WAL_barrier_end_ring_p99,A_WAL_barrier_end_ring_samples,B_WAL_barrier_end_ring_p50,B_WAL_barrier_end_ring_p95,B_WAL_barrier_end_ring_p99,B_WAL_barrier_end_ring_samples,C_WAL_barrier_end_ring_p50,C_WAL_barrier_end_ring_p95,C_WAL_barrier_end_ring_p99,C_WAL_barrier_end_ring_samples,low_full_lower_ms_p50,low_full_upper_ms_p50,low_full_lower_ms_p95,low_full_upper_ms_p95,low_full_lower_ms_p99,low_full_upper_ms_p99
baseline,passed,same,1,complete,40,240,7680000,7552000,3719,36061,685,0,0,0,0,0,1.0,2.0019814590013993,True,True,,,,,,,,,,,,,,,,,,,,,,,,,,,,,,,,2741.797973998473,2744.4278319999285,2940.634915001283,2942.9882479998923,2944.980951000616,2948.061414001131
baseline,passed,same,2,complete,40,240,7680000,7488000,3425,33489,632,0,0,0,0,0,1.0,3.0016777080018073,True,True,,,,,,,,,,,,,,,,,,,,,,,,,,,,,,,,2829.9390860011044,2831.7897640008596,2935.373061001883,2937.243469998066,3042.384767999465,3044.2451810013154
baseline,passed,same,3,complete,40,240,7680000,7488000,3440,33707,641,0,0,0,0,0,1.0,3.0020512440023595,True,True,,,,,,,,,,,,,,,,,,,,,,,,,,,,,,,,2827.9528050006775,2829.6383250017243,2952.055100002326,2954.390205999516,3028.467289997934,3030.4997710009047
baseline,passed,cross,1,complete,40,240,7680000,7520000,3475,33517,638,0,0,0,0,0,1.0,2.5048390699994343,True,True,,,,,,,,,,,,,,,,,,,,,,,,,,,,,,,,2755.543438001041,2757.8816280001774,2864.082436000899,2866.950319999887,2974.9490590002097,2978.4106540028006
baseline,passed,cross,2,complete,40,240,7680000,7488000,3433,33519,632,0,0,0,0,0,1.0,3.002014212997892,True,True,,,,,,,,,,,,,,,,,,,,,,,,,,,,,,,,2831.5411859985034,2833.6257560004015,2941.5030849995674,2944.029081998451,2951.588668001932,2953.3063859998947
baseline,passed,cross,3,complete,40,240,7680000,7584000,3466,31700,642,0,0,0,0,0,1.0,1.0003252860005887,True,True,,,,,,,,,,,,,,,,,,,,,,,,,,,,,,,,2827.515389999462,2829.4325420029054,2941.175239000586,2943.372719000763,3033.389321000868,3035.1892090002366
baseline,passed,mixed,1,complete,40,240,7680000,7552000,3386,29601,678,0,0,0,0,0,0.9988522238163559,3.500477582001622,True,True,,,,,,,,,,,,,,,,,,,,,,,,,,,,,,,,1839.332961000764,1841.2436739999976,3376.7989789994317,3381.655516997853,3577.2676029992,3579.1117119988485
baseline,passed,mixed,2,complete,40,240,7680000,7616000,3691,32560,735,0,0,0,0,0,0.9982376991399972,5.002152868000849,True,True,,,,,,,,,,,,,,,,,,,,,,,,,,,,,,,,2655.9855330015125,2657.6858650005306,3076.3568929978646,3078.320870998141,3164.647091001825,3166.4352050029265
baseline,passed,mixed,3,complete,40,240,7680000,7584000,3750,33120,744,0,0,0,0,0,0.999982196902261,4.501817197000491,True,True,,,,,,,,,,,,,,,,,,,,,,,,,,,,,,,,2165.826800002833,2167.576405001455,3359.895156998391,3361.8731059978018,3770.547825999529,3772.535374999279
batch,passed,same,1,complete,40,240,7680000,7520000,1953,21666,622,0,0,0,0,0,1.0,2.005556083000556,True,True,1953,13952,0,0,475,7680000,7520000,406,1014,0,0,216,524,287,190,108,579,129003,9,1.285021,4.085739,7.281433,954,0.0,0.0,0.0,0,0.0,0.0,0.0,0,2228.1115419973503,2230.7088839988864,2329.6331530000316,2332.0780499998364,2335.3493079994223,2340.5782599984377
batch,passed,same,2,complete,40,240,7680000,7520000,1982,23388,600,0,0,0,0,0,1.0,2.0017324699947494,True,True,1981,15434,0,0,475,7680000,7520000,421,1280,0,0,218,582,275,151,134,634,162794,22,1.229519,4.099054,11.686776,2048,1.218379,3.460392,6.882942,1954,0.0,0.0,0.0,0,2223.3562319961493,2225.251071002276,2327.1651929971995,2329.1188290022546,2328.872351004975,2330.68193699728
batch,passed,same,3,complete,40,240,7680000,7520000,1918,22470,574,0,0,0,0,0,1.0,2.00154265799938,True,True,1918,14834,0,0,475,7680000,7520000,404,1200,0,0,209,581,308,148,128,622,156454,12,1.245402,3.635579,6.692826,2048,1.210058,3.43001,6.356908,2048,0.0,0.0,0.0,0,2221.193507000862,2222.8223430065555,2323.6552290036343,2325.6868410026073,2323.9067169997725,2326.936139994359
batch,passed,cross,1,complete,40,240,7680000,7520000,1934,21490,622,0,0,0,0,0,1.0,2.0021429189982882,True,True,1934,13848,0,0,475,7680000,7520000,406,1011,0,0,324,523,275,190,108,566,126310,15,1.291319,4.185818,6.91048,1289,1.260753,3.622833,7.159178,612,0.0,0.0,0.0,0,2228.4949029999552,2230.46784500184,2336.1921630021243,2339.550741999119,2344.0852269995958,2346.3920799986226
batch,passed,cross,2,complete,40,240,7680000,7520000,1913,21360,606,0,0,0,0,0,1.0,2.002332802003366,True,True,1913,13875,0,0,475,7680000,7520000,380,1014,0,0,305,548,331,154,113,573,132389,10,1.249526,4.10364,8.400403,2048,1.212149,3.483219,7.159178,1578,0.0,0.0,0.0,0,2225.1385240015225,2226.893539998855,2330.019277003885,2332.0449969978654,2427.489016998152,2429.411548000644
batch,passed,cross,3,complete,40,240,7680000,7488000,1863,20918,590,0,0,0,0,0,1.0,2.0015855849997024,True,True,1863,13629,0,0,474,7680000,7488000,370,1011,0,0,300,548,332,150,110,558,132518,14,1.270217,3.626315,6.264468,2048,1.21271,3.399941,6.333145,2048,0.0,0.0,0.0,0,2221.877488998871,2223.539869002707,2328.638917999342,2330.7657210025354,2424.081461998867,2425.665950999246
batch,passed,mixed,1,complete,40,240,7680000,7552000,2018,22725,743,0,0,0,0,0,0.9999281867145422,5.000193689000298,True,True,2018,14312,0,0,476,7680000,7552000,537,956,0,0,309,507,277,331,103,651,116731,12,1.266783,4.052866,8.760433,1981,1.227673,3.643329,12.631058,980,0.0,0.0,0.0,0,2242.7236100011214,2244.6613280008023,2342.231267000898,2344.613303001097,2356.3657609993243,2358.8951689998794
batch,passed,mixed,2,complete,40,240,7680000,7520000,2039,22997,752,0,0,0,0,0,0.9991135072547671,5.0002608229988255,True,True,2039,14467,0,0,475,7680000,7520000,543,962,0,0,314,505,276,334,104,659,117691,12,1.233593,3.957421,8.34918,2048,1.218319,3.460392,6.882942,1950,0.0,0.0,0.0,0,2145.4902390032657,2147.3807579968707,2351.9455610003206,2353.645219998725,2545.817883001291,2547.895723997499
batch,passed,mixed,3,complete,40,240,7680000,7520000,2063,23296,748,0,0,0,0,0,0.9905118915234782,4.49947787700512,True,True,2063,14692,0,0,475,7680000,7520000,550,976,0,0,312,537,262,326,112,660,117892,12,1.235395,3.726814,8.951498,2048,1.210027,3.43001,6.356908,2048,0.0,0.0,0.0,0,2234.872793997056,2236.7239160012105,2340.4852349995053,2342.174277000595,2354.951526998775,2357.044283002324
fast,passed,same,1,complete,40,240,7680000,7648000,2417,31638,791,0,0,0,0,0,1.0,0.5044882079964736,True,True,2417,20743,0,0,479,7680000,7648000,791,1341,0,719,240,774,296,312,240,1200,202728,0,1.20553,3.340181,5.826427,1740,0.0,0.0,0.0,0,0.0,0.0,0.0,0,202.5300140012405,205.99764399958076,205.2637680026237,209.54659699782496,207.55941000243183,211.1760490006418
fast,passed,same,2,complete,40,240,7680000,7616000,2446,32786,820,0,0,0,0,0,1.0,0.9998864520021016,True,True,2446,21683,0,0,478,7680000,7616000,820,1671,0,718,240,774,295,341,240,1199,227095,0,1.162677,3.414187,7.309916,2048,1.258059,3.602147,6.617249,2048,0.0,0.0,0.0,0,302.85805799940135,304.86319200281287,404.0035590005573,405.90397399500944,409.92340500088176,412.0193749986356
fast,passed,same,3,complete,40,240,7680000,7648000,2425,31788,800,0,0,0,0,0,1.0,0.5115641279990086,True,True,2425,20822,0,0,479,7680000,7648000,800,1360,0,719,240,774,262,320,240,1199,202687,0,1.116666,3.133965,5.434158,2048,1.264831,3.602147,5.812555,2048,0.0,0.0,0.0,0,302.97472800157266,305.04603200097336,404.17820400034543,406.2433930012048,407.5537160024396,410.36492599960184
fast,passed,cross,1,complete,40,240,7680000,7616000,3689,42545,1405,0,0,0,0,0,1.0,1.0010524480021559,True,True,3689,27277,0,0,478,7680000,7616000,925,1672,0,718,717,538,534,445,240,1404,252852,0,1.154295,3.211674,6.538404,2048,1.259923,4.425504,9.13049,1320,0.0,0.0,0.0,0,304.8580670001684,307.83455899654655,408.0423300038092,411.4346030037268,410.73138199863024,414.521948005131
fast,passed,cross,2,complete,40,240,7680000,7648000,3545,39335,1269,0,0,0,0,0,1.0,0.5053185239958111,True,True,3545,25065,0,0,479,7680000,7648000,789,1337,0,719,703,773,534,310,240,1200,202728,0,1.247122,4.579014,19.552175,2048,1.251819,3.762138,8.970729,2048,0.0,0.0,0.0,0,505.4352570004994,507.67603600252187,509.38162799866404,511.25594299810473,607.5538759978372,610.3018919966416
fast,passed,cross,3,complete,40,240,7680000,7616000,3720,43419,1433,0,0,0,0,0,1.0,1.0002042659980361,True,True,3720,27962,0,0,478,7680000,7616000,953,1860,0,718,720,534,479,473,240,1432,270200,0,1.05047,3.131711,6.082086,2048,1.173024,3.341037,5.572208,2048,0.0,0.0,0.0,0,404.49485900171567,406.658720006817,506.0579169949051,509.5949609967647,606.8172130035236,608.7648419998004
fast,passed,mixed,1,complete,40,240,7680000,7648000,3250,41199,1320,0,0,0,0,0,0.9999824936101677,1.499891008999839,True,True,3250,26175,0,0,479,7680000,7648000,1200,1679,0,719,600,477,305,720,240,1438,229550,0,1.183416,4.407512,19.719661,2048,1.258651,4.434368,12.366773,1999,0.0,0.0,0.0,0,204.72162100486457,207.58605599985458,408.41131300112465,410.6808409997029,409.32845999486744,411.700472002849
fast,passed,mixed,2,complete,40,240,7680000,7648000,3341,42672,1417,0,0,0,0,0,0.9999824936101677,1.5023211049992824,True,True,3341,26981,0,0,479,7680000,7648000,1297,1781,0,719,598,598,307,818,240,1420,226580,0,1.24502,3.501207,6.181039,2048,1.257848,3.602147,6.617249,2048,0.0,0.0,0.0,0,207.96956100093666,210.43833599833306,407.6846820025821,409.64587700000266,413.57487099594437,417.7132389959297
fast,passed,mixed,3,complete,40,240,7680000,7648000,3346,42796,1420,0,0,0,0,0,0.9999824936101677,1.4996623449987965,True,True,3346,27062,0,0,479,7680000,7648000,1300,1783,0,719,600,595,320,821,240,1438,229622,0,1.136196,3.552754,6.822943,2048,1.26481,3.602147,5.812555,2048,0.0,0.0,0.0,0,407.29957800067496,409.8360930001945,513.4020340046845,515.5855330012855,516.8390920007369,519.1870980052045
