scope,run,count,active_requested,label,samples,seconds,DBtransactions_delta,DBtransactions_per_second,DB_rate_lower,DB_rate_upper,accepted_FE,extracted_FE,errors,queue_rejections,quarantines,active_first,active_final,active_min,active_max,worker_tasks_delta,Sql_helper_statement_attempts,wal_writes_delta,wal_bytes_delta,mod_tick_p95_last_ring_ms,mod_tick_p99_last_ring_ms,CPU_process_lower_percent,CPU_process_upper_percent,heap_used_sample_mean_MiB,first_status_request_utc,last_status_reply_utc,source_path,source_sha256
nominal_business_window,original_87,100,False,,,120.00010084899986,,,,,0,0,0,0,,,0,,,,,,,0.182945,0.285709,,,,,,reports/performance-opt-baseline-87bf217.json,b193f402468642352b7b07c7e70f992950089805be5d63035b1e7b6b95f42bb3
nominal_business_window,original_87,100,True,,,120.00010823299999,,,,,19200000,19125000,0,0,,,100,,,,,,,0.367662,0.813862,,,,,,reports/performance-opt-baseline-87bf217.json,b193f402468642352b7b07c7e70f992950089805be5d63035b1e7b6b95f42bb3
nominal_business_window,original_87,500,False,,,120.00010693700006,,,,,0,0,0,0,,,0,,,,,,,0.265308,0.555844,,,,,,reports/performance-opt-baseline-87bf217.json,b193f402468642352b7b07c7e70f992950089805be5d63035b1e7b6b95f42bb3
nominal_business_window,original_87,500,True,,,120.00023458400028,,,,,19200000,18505000,0,0,,,500,,,,,,,0.46723,0.826755,,,,,,reports/performance-opt-baseline-87bf217.json,b193f402468642352b7b07c7e70f992950089805be5d63035b1e7b6b95f42bb3
nominal_business_window,original_87,1000,False,,,120.00014954499966,,,,,0,0,0,0,,,0,,,,,,,0.394041,0.802695,,,,,,reports/performance-opt-baseline-87bf217.json,b193f402468642352b7b07c7e70f992950089805be5d63035b1e7b6b95f42bb3
nominal_business_window,original_87,1000,True,,,120.00007771699984,,,,,19200000,18664000,0,0,,,1000,,,,,,,0.576145,1.117527,,,,,,reports/performance-opt-baseline-87bf217.json,b193f402468642352b7b07c7e70f992950089805be5d63035b1e7b6b95f42bb3
nominal_business_window,failed_e405,100,False,,,120.0001246210013,182,1.5166650915973137,1.5165752642047043,1.5166430305433523,0,0,0,0,0,0,0,,,0,742,0,0,0.269885,0.362925,,,,,,reports/performance-opt-fast-e4057a5-as-run.json,71b25faecb652eb7e6b0cafb2467f7459f9e4dfe86c46fd57117382956af8fda
nominal_business_window,failed_e405,100,True,,,120.00011480600006,5524,46.033289292518226,46.03070651780015,46.0327457399103,19208000,19300000,0,0,0,100,100,,,2266,109108,9885,1539301,0.731417,1.209345,,,,,,reports/performance-opt-fast-e4057a5-as-run.json,71b25faecb652eb7e6b0cafb2467f7459f9e4dfe86c46fd57117382956af8fda
nominal_business_window,failed_e405,500,False,,,120.00009122299889,1609,13.408323140437941,13.407715205260313,13.40816116148226,0,0,0,0,0,0,0,,,1368,11018,0,0,0.430386,0.803416,,,,,,reports/performance-opt-fast-e4057a5-as-run.json,71b25faecb652eb7e6b0cafb2467f7459f9e4dfe86c46fd57117382956af8fda
nominal_business_window,failed_e405,500,True,,,120.00009508999938,6819,56.82495497095889,56.822268304965704,56.82438516725417,19022000,18347000,50,0,0,500,500,,,3367,150121,14363,2159491,1.699221,2.479582,,,,,,reports/performance-opt-fast-e4057a5-as-run.json,71b25faecb652eb7e6b0cafb2467f7459f9e4dfe86c46fd57117382956af8fda
nominal_business_window,failed_e405,1000,False,,,120.000120632998,3293,27.441639080273397,27.440283756627373,27.441273762280655,0,0,0,0,0,0,0,,,2931,24236,0,0,0.571187,0.805318,,,,,,reports/performance-opt-fast-e4057a5-as-run.json,71b25faecb652eb7e6b0cafb2467f7459f9e4dfe86c46fd57117382956af8fda
nominal_business_window,failed_e405,1000,True,,,120.00008700499893,8519,70.9916151947883,70.98650380700595,70.9903675364318,18386000,18176000,496,0,0,992,984,,,4815,234956,22614,3612502,2.396036,3.877881,,,,,,reports/performance-opt-fast-e4057a5-as-run.json,71b25faecb652eb7e6b0cafb2467f7459f9e4dfe86c46fd57117382956af8fda
nominal_business_window,current_753,100,False,,,120.00011761600035,182,1.5166651801325637,1.5165291575842563,1.5166304212217572,0,0,0,0,0,0,0,,,0,742,0,0,0.2796,0.436686,,,,,,reports/performance-opt-fast-75392af.json,5420bae7174e42724b566d7668d9c2f5701a7c83811ce944ee477eb3e46be8f2
nominal_business_window,current_753,100,True,,,120.00008614500257,5512,45.93330035896435,45.9315718407122,45.93279498719615,19200000,19309000,0,0,0,100,100,,,2257,109455,9808,1545888,0.717687,1.131528,,,,,,reports/performance-opt-fast-75392af.json,5420bae7174e42724b566d7668d9c2f5701a7c83811ce944ee477eb3e46be8f2
nominal_business_window,current_753,500,False,,,120.00008747600077,241,2.008331869326332,2.0082303137122084,2.0083046444002353,0,0,0,0,0,0,0,,,0,919,0,0,0.315714,0.462414,,,,,,reports/performance-opt-fast-75392af.json,5420bae7174e42724b566d7668d9c2f5701a7c83811ce944ee477eb3e46be8f2
nominal_business_window,current_753,500,True,,,120.00009880899961,7517,62.64161508703899,62.6389988508258,62.6410059194184,19200000,18642000,0,0,0,500,500,,,4020,179495,17618,2618186,1.590095,2.401132,,,,,,reports/performance-opt-fast-75392af.json,5420bae7174e42724b566d7668d9c2f5701a7c83811ce944ee477eb3e46be8f2
nominal_business_window,current_753,1000,False,,,120.00010537100025,362,3.0166640177591253,3.0165235110328115,3.01662974367169,0,0,0,0,0,0,0,,,0,1282,0,0,0.415063,0.791077,,,,,,reports/performance-opt-fast-75392af.json,5420bae7174e42724b566d7668d9c2f5701a7c83811ce944ee477eb3e46be8f2
nominal_business_window,current_753,1000,True,,,120.00009536600191,9662,80.5166026787793,80.51175201730975,80.51592708896021,19200000,19070000,0,0,0,1000,1000,,,5916,256433,24889,3679713,2.668976,4.510519,,,,,,reports/performance-opt-fast-75392af.json,5420bae7174e42724b566d7668d9c2f5701a7c83811ce944ee477eb3e46be8f2
observed_counter_subwindow,original_monitor,500,,baseline_500_active_late_tail,24,45.99553737600036,26217,569.9900793784303,569.8879739184046,570.0343972224982,7360000,6959000,0,0,0,500,500,500,500,8588,,,,,,55.54819530251851,55.993486249825416,328.5647844314575,2026-10-06T10:00:21.189569+00:00,2026-10-06T10:01:07.193350+00:00,reports/optimization-scale-baseline-scale-late-20261006T100021Z-09d5b0.json,3de61e00bf9780647ff77c5fe62cb89b2c3c5ba428650a29add822c6d6d21438
observed_counter_subwindow,original_monitor,1000,,baseline_1000_off_post_reset,60,118.00020071000017,862,7.305072320329944,7.304917319719706,7.305241069935344,0,0,0,0,0,0,0,0,0,0,,,,,,10.96602572219614,10.988781159951074,349.5967410694469,2026-10-06T10:01:27.189856+00:00,2026-10-06T10:03:25.192562+00:00,reports/optimization-scale-baseline-scale-late-20261006T100021Z-09d5b0.json,3de61e00bf9780647ff77c5fe62cb89b2c3c5ba428650a29add822c6d6d21438
observed_counter_subwindow,original_monitor,1000,,baseline_1000_active_post_reset,60,117.99889229400014,75994,644.0229948147067,644.0063050217916,644.0339346415566,18880000,18461000,0,0,0,1000,1000,1000,1000,24756,,,,,,56.1189914134405,56.11977891863695,353.69920883178713,2026-10-06T10:03:31.189909+00:00,2026-10-06T10:05:29.191859+00:00,reports/optimization-scale-baseline-scale-late-20261006T100021Z-09d5b0.json,3de61e00bf9780647ff77c5fe62cb89b2c3c5ba428650a29add822c6d6d21438
observed_counter_subwindow,original_monitor,1000,,baseline_1000_off_cleanup_excluded,52,101.99764821400004,1422,13.9414979158786,13.940843860231585,13.941835322223689,0,0,0,0,0,0,0,0,0,441,,,,,,8.862982909596695,8.86312597219575,372.2551971011692,2026-10-06T10:05:31.189869+00:00,2026-10-06T10:07:13.192304+00:00,reports/optimization-scale-baseline-scale-late-20261006T100021Z-09d5b0.json,3de61e00bf9780647ff77c5fe62cb89b2c3c5ba428650a29add822c6d6d21438
observed_counter_subwindow,failed_monitor,100,,e405_100_off_partial_head,57,112.00046454400217,169,1.5089223128499092,1.5088893586948187,1.5089571277685403,0,0,0,0,0,0,0,0,0,0,692,0,0,,,12.187344015816134,12.217810484123518,344.8636363636364,2026-10-06T13:15:39.108432+00:00,2026-10-06T13:17:31.111345+00:00,reports/optimization-scale-fast-scale-ready-e4057a5-20261006T131539Z-49626b.json,e1d937b50e613dd0683115cea35a59522a687bf9d5266d857fd1bb9caf045660
observed_counter_subwindow,failed_monitor,100,,e405_100_active_post_reset,60,118.00031498799945,5425,45.974453547447894,45.973709071839444,45.975341165276085,18880000,18956000,0,0,0,100,100,100,100,2226,107245,9704,1512544,,,28.508328875758775,28.508763601016152,388.21186475753785,2026-10-06T13:17:37.108766+00:00,2026-10-06T13:19:35.110993+00:00,reports/optimization-scale-fast-scale-ready-e4057a5-20261006T131539Z-49626b.json,e1d937b50e613dd0683115cea35a59522a687bf9d5266d857fd1bb9caf045660
observed_counter_subwindow,failed_monitor,500,,e405_500_off_post_reset_residual,60,117.99956428799851,1579,13.381405342702582,13.381072074418617,13.38171603452218,0,0,0,0,0,0,0,0,0,1342,10825,0,0,,,12.786625282525563,12.853462086025235,408.8047355651855,2026-10-06T13:19:49.109084+00:00,2026-10-06T13:21:47.111589+00:00,reports/optimization-scale-fast-scale-ready-e4057a5-20261006T131539Z-49626b.json,e1d937b50e613dd0683115cea35a59522a687bf9d5266d857fd1bb9caf045660
observed_counter_subwindow,failed_monitor,500,,e405_500_active_post_reset_failed,60,118.0005627410028,6735,57.07599899148383,57.074941702095536,57.07736102350579,18702000,18123000,50,0,0,500,500,476,500,3327,148331,14169,2131401,,,30.98270878469981,30.98310047214462,387.9351736415516,2026-10-06T13:21:55.108780+00:00,2026-10-06T13:23:53.111530+00:00,reports/optimization-scale-fast-scale-ready-e4057a5-20261006T131539Z-49626b.json,e1d937b50e613dd0683115cea35a59522a687bf9d5266d857fd1bb9caf045660
observed_counter_subwindow,failed_monitor,1000,,e405_1000_off_post_reset_residual,60,117.99968496599831,3247,27.51702261693008,27.516335400681513,27.517639765079743,0,0,0,0,0,0,0,0,0,2891,23884,0,0,,,14.296620077776529,14.296812948943796,404.7369583303278,2026-10-06T13:24:13.108717+00:00,2026-10-06T13:26:11.111350+00:00,reports/optimization-scale-fast-scale-ready-e4057a5-20261006T131539Z-49626b.json,e1d937b50e613dd0683115cea35a59522a687bf9d5266d857fd1bb9caf045660
observed_counter_subwindow,failed_monitor,1000,,e405_1000_active_post_reset_failed,60,117.99765804799972,8375,70.97598493516857,70.97350521723843,70.97768451812708,18086000,17938000,482,0,0,960,976,912,992,4736,231007,22177,3541041,,,39.53927512397769,39.66221779270894,382.1637104988098,2026-10-06T13:26:17.109749+00:00,2026-10-06T13:28:15.111531+00:00,reports/optimization-scale-fast-scale-ready-e4057a5-20261006T131539Z-49626b.json,e1d937b50e613dd0683115cea35a59522a687bf9d5266d857fd1bb9caf045660
observed_counter_subwindow,failed_monitor,1000,,e405_1000_off_cleanup_excluded,21,39.99947747099941,1664,41.60054343725966,41.59709213239499,41.603463460252925,0,0,0,0,0,0,0,0,0,1544,14036,306,58482,,,15.699859015264867,15.700658866374894,412.1347001393636,2026-10-06T13:28:17.108746+00:00,2026-10-06T13:28:57.111545+00:00,reports/optimization-scale-fast-scale-ready-e4057a5-20261006T131539Z-49626b.json,e1d937b50e613dd0683115cea35a59522a687bf9d5266d857fd1bb9caf045660
observed_counter_subwindow,failed_monitor,500,,e405_500_active_matching_late_24_sample_tail,24,45.999547745999735,2676,58.17448499225111,58.17041539803142,58.17804632934027,7282000,7233000,20,0,0,492,500,484,500,1323,58356,5568,837248,,,29.674091023516635,29.67526309183139,383.1999263763428,2026-10-06T13:23:07.108763+00:00,2026-10-06T13:23:53.111530+00:00,reports/optimization-scale-fast-scale-ready-e4057a5-20261006T131539Z-49626b.json,e1d937b50e613dd0683115cea35a59522a687bf9d5266d857fd1bb9caf045660
observed_counter_subwindow,current_monitor,100,,current_100_off_partial,57,111.9991530619991,170,1.517868620898352,1.5178234477864576,1.5178985158646479,0,0,0,0,0,0,0,0,0,0,694,0,0,,,12.946394756716884,12.979651056115102,301.0181995738636,2026-10-06T13:51:46.208404+00:00,2026-10-06T13:53:38.210892+00:00,reports/optimization-scale-fast-scale-fixed-75392af-20261006T135146Z-3eebad.json,a93e902799c9d427dc0db090d43358e969e31ed2678eb8c368656290658047f3
observed_counter_subwindow,current_monitor,100,,current_100_active_post_reset,60,117.99770734900085,5421,45.94157057616681,45.93941484787457,45.942763167178306,18880000,18940000,0,0,0,100,100,100,100,2219,107458,9626,1515810,,,29.322180432174445,29.32271040081779,328.517560005188,2026-10-06T13:53:46.208689+00:00,2026-10-06T13:55:44.211937+00:00,reports/optimization-scale-fast-scale-fixed-75392af-20261006T135146Z-3eebad.json,a93e902799c9d427dc0db090d43358e969e31ed2678eb8c368656290658047f3
observed_counter_subwindow,current_monitor,500,,current_500_off_post_reset,60,118.0003263969993,238,2.0169435735226258,2.0169021629438286,2.016990028930694,0,0,0,0,0,0,0,0,0,0,907,0,0,,,10.415197050000733,10.415329744633476,337.93109000812876,2026-10-06T13:55:58.208659+00:00,2026-10-06T13:57:56.211410+00:00,reports/optimization-scale-fast-scale-fixed-75392af-20261006T135146Z-3eebad.json,a93e902799c9d427dc0db090d43358e969e31ed2678eb8c368656290658047f3
observed_counter_subwindow,current_monitor,500,,current_500_active_post_reset,60,118.00006094200216,7404,62.74573030635227,62.74407557737608,62.747441741410654,18880000,18515000,0,0,0,500,500,500,500,3964,176548,17313,2572889,,,31.415167753195348,31.51305458745618,329.3418498472734,2026-10-06T13:58:04.208698+00:00,2026-10-06T14:00:02.211872+00:00,reports/optimization-scale-fast-scale-fixed-75392af-20261006T135146Z-3eebad.json,a93e902799c9d427dc0db090d43358e969e31ed2678eb8c368656290658047f3
observed_counter_subwindow,current_monitor,1000,,current_1000_off_post_reset,60,118.00004842000271,356,3.0169479145709643,3.016876751181961,3.0170193020763043,0,0,0,0,0,0,0,0,0,0,1261,0,0,,,10.620049133398465,10.64412527569876,340.64763660430907,2026-10-06T14:00:20.208734+00:00,2026-10-06T14:02:18.211567+00:00,reports/optimization-scale-fast-scale-fixed-75392af-20261006T135146Z-3eebad.json,a93e902799c9d427dc0db090d43358e969e31ed2678eb8c368656290658047f3
observed_counter_subwindow,current_monitor,1000,,current_1000_active_post_reset,60,117.99963849300184,9482,80.35617838407484,80.35431484127427,80.35787157183968,18880000,18912000,0,0,0,1000,1000,1000,1000,5801,251459,24446,3612982,,,42.127069583524964,42.128075939972724,364.8170006491921,2026-10-06T14:02:26.208764+00:00,2026-10-06T14:04:24.211140+00:00,reports/optimization-scale-fast-scale-fixed-75392af-20261006T135146Z-3eebad.json,a93e902799c9d427dc0db090d43358e969e31ed2678eb8c368656290658047f3
observed_counter_subwindow,current_monitor,1000,,current_1000_off_cleanup_excluded,25,47.99878537100085,163,3.395919266292075,3.395618759514957,3.396112399459855,0,0,0,0,0,0,0,0,0,18,709,49,8441,,,9.270880299806224,9.27121522878823,370.06621074676514,2026-10-06T14:04:26.208674+00:00,2026-10-06T14:05:14.211709+00:00,reports/optimization-scale-fast-scale-fixed-75392af-20261006T135146Z-3eebad.json,a93e902799c9d427dc0db090d43358e969e31ed2678eb8c368656290658047f3
observed_counter_subwindow,current_monitor,500,,current_500_active_matching_late_24_sample_tail,24,46.00076970900045,2971,64.58587581891479,64.58245421911914,64.5903948931223,7360000,7219000,0,0,0,500,500,500,500,1590,70467,6910,1026366,,,30.28120882499315,30.282440478011495,319.302392244339,2026-10-06T13:59:16.208664+00:00,2026-10-06T14:00:02.211872+00:00,reports/optimization-scale-fast-scale-fixed-75392af-20261006T135146Z-3eebad.json,a93e902799c9d427dc0db090d43358e969e31ed2678eb8c368656290658047f3
