scope,scenario,repeat,phase,server,metric,run,status,group_status,reason,samples,first_read_utc,last_read_utc,sample_point_span_seconds,CPU_process_percent,heap_used_sample_mean_bytes,heap_used_sample_max_bytes,GC_GCT_delta_seconds,queried_tick_window_mean_ms
individual,same,1,low_flow,A,cpu_rss,A,UNMEASURED,,,0,,,,,,,,
individual,same,1,low_flow,A,heap_gc,A,UNMEASURED,,,0,,,,,,,,
individual,same,1,low_flow,A,tick,A,UNMEASURED,,,0,,,,,,,,
individual,same,1,low_flow,B,cpu_rss,A,UNMEASURED,,,0,,,,,,,,
individual,same,1,low_flow,B,heap_gc,A,UNMEASURED,,,0,,,,,,,,
individual,same,1,low_flow,B,tick,A,UNMEASURED,,,0,,,,,,,,
individual,same,1,low_flow,C,cpu_rss,A,UNMEASURED,,,0,,,,,,,,
individual,same,1,low_flow,C,heap_gc,A,UNMEASURED,,,0,,,,,,,,
individual,same,1,low_flow,C,tick,A,UNMEASURED,,,0,,,,,,,,
individual,same,1,warmup,A,cpu_rss,A,UNMEASURED,,,0,,,,,,,,
individual,same,1,warmup,A,heap_gc,A,UNMEASURED,,,0,,,,,,,,
individual,same,1,warmup,A,tick,A,UNMEASURED,,,0,,,,,,,,
individual,same,1,warmup,B,cpu_rss,A,UNMEASURED,,,0,,,,,,,,
individual,same,1,warmup,B,heap_gc,A,UNMEASURED,,,0,,,,,,,,
individual,same,1,warmup,B,tick,A,UNMEASURED,,,0,,,,,,,,
individual,same,1,warmup,C,cpu_rss,A,UNMEASURED,,,0,,,,,,,,
individual,same,1,warmup,C,heap_gc,A,UNMEASURED,,,0,,,,,,,,
individual,same,1,warmup,C,tick,A,UNMEASURED,,,0,,,,,,,,
individual,same,1,steady,A,cpu_rss,A,UNMEASURED,,,0,,,,,,,,
individual,same,1,steady,A,heap_gc,A,UNMEASURED,,,0,,,,,,,,
individual,same,1,steady,A,tick,A,UNMEASURED,,,0,,,,,,,,
individual,same,1,steady,B,cpu_rss,A,UNMEASURED,,,0,,,,,,,,
individual,same,1,steady,B,heap_gc,A,UNMEASURED,,,0,,,,,,,,
individual,same,1,steady,B,tick,A,UNMEASURED,,,0,,,,,,,,
individual,same,1,steady,C,cpu_rss,A,UNMEASURED,,,0,,,,,,,,
individual,same,1,steady,C,heap_gc,A,UNMEASURED,,,0,,,,,,,,
individual,same,1,steady,C,tick,A,UNMEASURED,,,0,,,,,,,,
individual,cross,1,low_flow,A,cpu_rss,A,OBSERVED,,,21,2026-10-06T09:09:50.655790+00:00,2026-10-06T09:11:30.657066+00:00,99.99967837333679,7.6600246366816505,,,,
individual,cross,1,low_flow,A,heap_gc,A,OBSERVED,,,21,2026-10-06T09:09:50.657711+00:00,2026-10-06T09:11:30.780003+00:00,99.9800431728363,,362577192.85714287,491113164,0.018000000000000016,
individual,cross,1,low_flow,A,tick,A,UNMEASURED,,,0,,,,,,,,
individual,cross,1,low_flow,B,cpu_rss,A,OBSERVED,,,21,2026-10-06T09:09:50.656049+00:00,2026-10-06T09:11:30.658254+00:00,99.99958038330078,8.370035122065108,,,,
individual,cross,1,low_flow,B,heap_gc,A,OBSERVED,,,21,2026-10-06T09:09:50.658946+00:00,2026-10-06T09:11:30.846802+00:00,99.99616074562073,,350457348.5714286,432013312,0.008999999999999897,
individual,cross,1,low_flow,B,tick,A,UNMEASURED,,,0,,,,,,,,
individual,cross,1,low_flow,C,cpu_rss,A,OBSERVED,,,21,2026-10-06T09:09:50.656357+00:00,2026-10-06T09:11:30.657696+00:00,99.99945735931396,6.970037822261055,,,,
individual,cross,1,low_flow,C,heap_gc,A,OBSERVED,,,21,2026-10-06T09:09:50.658380+00:00,2026-10-06T09:11:30.867191+00:00,100.02165031433105,,459435061.2380952,474314854,0.0,
individual,cross,1,low_flow,C,tick,A,UNMEASURED,,,0,,,,,,,,
individual,cross,1,warmup,A,cpu_rss,A,OBSERVED,,,5,2026-10-06T09:11:40.655781+00:00,2026-10-06T09:12:00.659262+00:00,20.000882863998413,7.9996468699889665,,,,
individual,cross,1,warmup,A,heap_gc,A,OBSERVED,,,5,2026-10-06T09:11:40.657563+00:00,2026-10-06T09:12:00.887896+00:00,20.04038715362549,,300461977.2,317029478,0.0,
individual,cross,1,warmup,A,tick,A,UNMEASURED,,,0,,,,,,,,
individual,cross,1,warmup,B,cpu_rss,A,OBSERVED,,,5,2026-10-06T09:11:40.655895+00:00,2026-10-06T09:12:00.657430+00:00,19.99925947189331,11.500425819427896,,,,
individual,cross,1,warmup,B,heap_gc,A,OBSERVED,,,5,2026-10-06T09:11:40.658984+00:00,2026-10-06T09:12:00.849373+00:00,20.01943349838257,,296030412.4,427731558,0.014999999999999902,
individual,cross,1,warmup,B,tick,A,UNMEASURED,,,0,,,,,,,,
individual,cross,1,warmup,C,cpu_rss,A,OBSERVED,,,5,2026-10-06T09:11:40.656042+00:00,2026-10-06T09:12:00.659923+00:00,20.001483917236328,8.84934341533877,,,,
individual,cross,1,warmup,C,heap_gc,A,OBSERVED,,,5,2026-10-06T09:11:40.656936+00:00,2026-10-06T09:12:00.870866+00:00,20.004364013671875,,481025740.4,483752038,0.0,
individual,cross,1,warmup,C,tick,A,UNMEASURED,,,0,,,,,,,,
individual,cross,1,steady,A,cpu_rss,A,OBSERVED,,,23,2026-10-06T09:12:10.655825+00:00,2026-10-06T09:14:00.656838+00:00,109.99920439720154,8.327332956812763,,,,
individual,cross,1,steady,A,heap_gc,A,OBSERVED,,,23,2026-10-06T09:12:10.658422+00:00,2026-10-06T09:14:00.861671+00:00,109.99586725234985,,391690920.7826087,491093094,0.006000000000000005,
individual,cross,1,steady,A,tick,A,UNMEASURED,,,0,,,,,,,,
individual,cross,1,steady,B,cpu_rss,A,OBSERVED,,,23,2026-10-06T09:12:10.655974+00:00,2026-10-06T09:14:00.658001+00:00,110.00083017349243,9.07265880108324,,,,
individual,cross,1,steady,B,heap_gc,A,OBSERVED,,,23,2026-10-06T09:12:10.657475+00:00,2026-10-06T09:14:00.899804+00:00,110.02071928977966,,337599612.26086956,429828710,0.0050000000000001155,
individual,cross,1,steady,B,tick,A,UNMEASURED,,,0,,,,,,,,
individual,cross,1,steady,C,cpu_rss,A,OBSERVED,,,23,2026-10-06T09:12:10.656120+00:00,2026-10-06T09:14:00.659723+00:00,110.00082492828369,7.3090360960854275,,,,
individual,cross,1,steady,C,heap_gc,A,OBSERVED,,,23,2026-10-06T09:12:10.659303+00:00,2026-10-06T09:14:00.855417+00:00,109.9734411239624,,504267655.3913044,521500774,0.0,
individual,cross,1,steady,C,tick,A,UNMEASURED,,,0,,,,,,,,
individual,mixed,1,low_flow,A,cpu_rss,A,OBSERVED,,,32,2026-10-06T09:14:10.655779+00:00,2026-10-06T09:16:45.657978+00:00,155.00069332122803,8.341898170225273,,,,
individual,mixed,1,low_flow,A,heap_gc,A,OBSERVED,,,32,2026-10-06T09:14:10.656656+00:00,2026-10-06T09:16:45.833427+00:00,155.02713060379028,,355189631.75,487130214,0.006000000000000005,
individual,mixed,1,low_flow,A,tick,A,UNMEASURED,,,0,,,,,,,,
individual,mixed,1,low_flow,B,cpu_rss,A,OBSERVED,,,32,2026-10-06T09:14:10.656871+00:00,2026-10-06T09:16:45.657271+00:00,154.9993453025818,8.329067438831913,,,,
individual,mixed,1,low_flow,B,heap_gc,A,OBSERVED,,,32,2026-10-06T09:14:10.657675+00:00,2026-10-06T09:16:45.801991+00:00,154.95805406570435,,346210866.53125,436120166,0.016999999999999904,
individual,mixed,1,low_flow,B,tick,A,UNMEASURED,,,0,,,,,,,,
individual,mixed,1,low_flow,C,cpu_rss,A,OBSERVED,,,32,2026-10-06T09:14:10.657091+00:00,2026-10-06T09:16:45.658788+00:00,154.9999008178711,7.219359458267356,,,,
individual,mixed,1,low_flow,C,heap_gc,A,OBSERVED,,,32,2026-10-06T09:14:10.658359+00:00,2026-10-06T09:16:45.871077+00:00,155.00431656837463,,243662848,266338304,0.0,
individual,mixed,1,low_flow,C,tick,A,UNMEASURED,,,0,,,,,,,,
individual,mixed,1,warmup,A,cpu_rss,A,OBSERVED,,,6,2026-10-06T09:16:50.655870+00:00,2026-10-06T09:17:15.659106+00:00,25.000122547149658,8.719957255763754,,,,
individual,mixed,1,warmup,A,heap_gc,A,OBSERVED,,,6,2026-10-06T09:16:50.658778+00:00,2026-10-06T09:17:15.840825+00:00,24.982534170150757,,420239189.3333333,453968384,0.0,
individual,mixed,1,warmup,A,tick,A,UNMEASURED,,,0,,,,,,,,
individual,mixed,1,warmup,B,cpu_rss,A,OBSERVED,,,6,2026-10-06T09:16:50.656053+00:00,2026-10-06T09:17:15.657303+00:00,24.99945569038391,7.56016460281176,,,,
individual,mixed,1,warmup,B,heap_gc,A,OBSERVED,,,6,2026-10-06T09:16:50.658229+00:00,2026-10-06T09:17:15.845450+00:00,25.020182847976685,,297372979,314150195,0.0,
individual,mixed,1,warmup,B,tick,A,UNMEASURED,,,0,,,,,,,,
individual,mixed,1,warmup,C,cpu_rss,A,OBSERVED,,,6,2026-10-06T09:16:50.656129+00:00,2026-10-06T09:17:15.658257+00:00,25.000414848327637,6.9998838443957405,,,,
individual,mixed,1,warmup,C,heap_gc,A,OBSERVED,,,6,2026-10-06T09:16:50.657363+00:00,2026-10-06T09:17:15.820271+00:00,24.994105577468872,,271755946.6666667,274726912,0.0,
individual,mixed,1,warmup,C,tick,A,UNMEASURED,,,0,,,,,,,,
individual,mixed,1,steady,A,cpu_rss,A,OBSERVED,,,23,2026-10-06T09:17:25.655822+00:00,2026-10-06T09:19:15.658666+00:00,110.00012135505676,9.00908097002243,,,,
individual,mixed,1,steady,A,heap_gc,A,OBSERVED,,,23,2026-10-06T09:17:25.658440+00:00,2026-10-06T09:19:15.842036+00:00,109.9954469203949,,349026913.5652174,484377088,0.016999999999999904,
individual,mixed,1,steady,A,tick,A,UNMEASURED,,,0,,,,,,,,
individual,mixed,1,steady,B,cpu_rss,A,OBSERVED,,,23,2026-10-06T09:17:25.655939+00:00,2026-10-06T09:19:15.657829+00:00,110.00016212463379,8.11816985313351,,,,
individual,mixed,1,steady,B,heap_gc,A,OBSERVED,,,23,2026-10-06T09:17:25.657528+00:00,2026-10-06T09:19:15.873874+00:00,110.01103115081787,,335123437.9130435,426347827,0.0040000000000000036,
individual,mixed,1,steady,B,tick,A,UNMEASURED,,,0,,,,,,,,
individual,mixed,1,steady,C,cpu_rss,A,OBSERVED,,,23,2026-10-06T09:17:25.656049+00:00,2026-10-06T09:19:15.657155+00:00,110.00003170967102,6.927270730350223,,,,
individual,mixed,1,steady,C,heap_gc,A,OBSERVED,,,23,2026-10-06T09:17:25.657070+00:00,2026-10-06T09:19:15.873500+00:00,110.01226043701172,,295516070.95652175,311427072,0.0,
individual,mixed,1,steady,C,tick,A,UNMEASURED,,,0,,,,,,,,
individual,cross,2,low_flow,A,cpu_rss,A,OBSERVED,,,35,2026-10-06T09:19:25.655813+00:00,2026-10-06T09:22:15.656839+00:00,169.99905586242676,7.247099072109002,,,,
individual,cross,2,low_flow,A,heap_gc,A,OBSERVED,,,35,2026-10-06T09:19:25.658693+00:00,2026-10-06T09:22:15.828854+00:00,170.00209951400757,,354055313.8857143,404207206,0.0,
individual,cross,2,low_flow,A,tick,A,UNMEASURED,,,0,,,,,,,,
individual,cross,2,low_flow,B,cpu_rss,A,OBSERVED,,,35,2026-10-06T09:19:25.655962+00:00,2026-10-06T09:22:15.658036+00:00,170.0000569820404,8.288232515997649,,,,
individual,cross,2,low_flow,B,heap_gc,A,OBSERVED,,,35,2026-10-06T09:19:25.657839+00:00,2026-10-06T09:22:15.820107+00:00,169.98217487335205,,340393617.9714286,431746355,0.016000000000000014,
individual,cross,2,low_flow,B,tick,A,UNMEASURED,,,0,,,,,,,,
individual,cross,2,low_flow,C,cpu_rss,A,OBSERVED,,,35,2026-10-06T09:19:25.656024+00:00,2026-10-06T09:22:15.657615+00:00,170.00019907951355,6.876462535512842,,,,
individual,cross,2,low_flow,C,heap_gc,A,OBSERVED,,,35,2026-10-06T09:19:25.657122+00:00,2026-10-06T09:22:15.780634+00:00,169.94955015182495,,341566142.17142856,365953024,0.0,
individual,cross,2,low_flow,C,tick,A,UNMEASURED,,,0,,,,,,,,
individual,cross,2,warmup,A,cpu_rss,A,OBSERVED,,,5,2026-10-06T09:22:25.655846+00:00,2026-10-06T09:22:45.659013+00:00,20.00100350379944,8.649566006382404,,,,
individual,cross,2,warmup,A,heap_gc,A,OBSERVED,,,5,2026-10-06T09:22:25.656971+00:00,2026-10-06T09:22:45.853873+00:00,20.001497983932495,,430841036.4,448247398,0.0,
individual,cross,2,warmup,A,tick,A,UNMEASURED,,,0,,,,,,,,
individual,cross,2,warmup,B,cpu_rss,A,OBSERVED,,,5,2026-10-06T09:22:25.655980+00:00,2026-10-06T09:22:45.657333+00:00,19.999906301498413,9.25004333575998,,,,
individual,cross,2,warmup,B,heap_gc,A,OBSERVED,,,5,2026-10-06T09:22:25.657459+00:00,2026-10-06T09:22:45.822877+00:00,19.98567843437195,,320834354.6,346419609,0.0,
individual,cross,2,warmup,B,tick,A,UNMEASURED,,,0,,,,,,,,
individual,cross,2,warmup,C,cpu_rss,A,OBSERVED,,,5,2026-10-06T09:22:25.656039+00:00,2026-10-06T09:22:45.658110+00:00,20.00006127357483,7.3999773288467185,,,,
individual,cross,2,warmup,C,heap_gc,A,OBSERVED,,,5,2026-10-06T09:22:25.657942+00:00,2026-10-06T09:22:45.857298+00:00,20.01613759994507,,372244480,375390208,0.0,
individual,cross,2,warmup,C,tick,A,UNMEASURED,,,0,,,,,,,,
individual,cross,2,steady,A,cpu_rss,A,OBSERVED,,,23,2026-10-06T09:22:55.655817+00:00,2026-10-06T09:24:45.658789+00:00,110.00061655044556,8.099954599721656,,,,
individual,cross,2,steady,A,heap_gc,A,OBSERVED,,,23,2026-10-06T09:22:55.657531+00:00,2026-10-06T09:24:45.899626+00:00,110.02187705039978,,341115249.1304348,488093286,0.006000000000000005,
individual,cross,2,steady,A,tick,A,UNMEASURED,,,0,,,,,,,,
individual,cross,2,steady,B,cpu_rss,A,OBSERVED,,,23,2026-10-06T09:22:55.655929+00:00,2026-10-06T09:24:45.658059+00:00,109.99983167648315,8.563649467850857,,,,
individual,cross,2,steady,B,heap_gc,A,OBSERVED,,,23,2026-10-06T09:22:55.658370+00:00,2026-10-06T09:24:45.807013+00:00,109.97595429420471,,355198058.6956522,432806912,0.0040000000000000036,
individual,cross,2,steady,B,tick,A,UNMEASURED,,,0,,,,,,,,
individual,cross,2,steady,C,cpu_rss,A,OBSERVED,,,23,2026-10-06T09:22:55.655971+00:00,2026-10-06T09:24:45.657049+00:00,110.00009751319885,7.081811903907879,,,,
individual,cross,2,steady,C,heap_gc,A,OBSERVED,,,23,2026-10-06T09:22:55.656824+00:00,2026-10-06T09:24:45.898040+00:00,110.00096368789673,,395677874.0869565,413138944,0.0,
individual,cross,2,steady,C,tick,A,UNMEASURED,,,0,,,,,,,,
individual,mixed,2,low_flow,A,cpu_rss,A,OBSERVED,,,32,2026-10-06T09:24:55.655811+00:00,2026-10-06T09:27:30.662151+00:00,155.00169944763184,8.40635944407968,,,,
individual,mixed,2,low_flow,A,heap_gc,A,OBSERVED,,,32,2026-10-06T09:24:55.658738+00:00,2026-10-06T09:27:30.852691+00:00,154.98348999023438,,383966514.8125,492977254,0.027000000000000135,
individual,mixed,2,low_flow,A,tick,A,UNMEASURED,,,0,,,,,,,,
individual,mixed,2,low_flow,B,cpu_rss,A,OBSERVED,,,32,2026-10-06T09:24:55.655902+00:00,2026-10-06T09:27:30.657138+00:00,154.9996120929718,8.445182425455597,,,,
individual,mixed,2,low_flow,B,heap_gc,A,OBSERVED,,,32,2026-10-06T09:24:55.657938+00:00,2026-10-06T09:27:30.786464+00:00,154.95534563064575,,325969996.375,429663027,0.03299999999999992,
individual,mixed,2,low_flow,B,tick,A,UNMEASURED,,,0,,,,,,,,
individual,mixed,2,low_flow,C,cpu_rss,A,OBSERVED,,,32,2026-10-06T09:24:55.655939+00:00,2026-10-06T09:27:30.658077+00:00,155.00054550170898,7.283845333225321,,,,
individual,mixed,2,low_flow,C,heap_gc,A,OBSERVED,,,32,2026-10-06T09:24:55.657130+00:00,2026-10-06T09:27:30.834780+00:00,154.99140310287476,,439910400,462422016,0.0,
individual,mixed,2,low_flow,C,tick,A,UNMEASURED,,,0,,,,,,,,
individual,mixed,2,warmup,A,cpu_rss,A,OBSERVED,,,6,2026-10-06T09:27:35.655782+00:00,2026-10-06T09:28:00.656943+00:00,24.999614000320435,9.080140197248303,,,,
individual,mixed,2,warmup,A,heap_gc,A,OBSERVED,,,6,2026-10-06T09:27:35.657720+00:00,2026-10-06T09:28:00.854923+00:00,25.005072832107544,,298464768,333592064,0.0,
individual,mixed,2,warmup,A,tick,A,UNMEASURED,,,0,,,,,,,,
individual,mixed,2,warmup,B,cpu_rss,A,OBSERVED,,,6,2026-10-06T09:27:35.655878+00:00,2026-10-06T09:28:00.657567+00:00,25.0003182888031,7.799900695157806,,,,
individual,mixed,2,warmup,B,heap_gc,A,OBSERVED,,,6,2026-10-06T09:27:35.656945+00:00,2026-10-06T09:28:00.839578+00:00,25.021118640899658,,373611382.6666667,392310988,0.0,
individual,mixed,2,warmup,B,tick,A,UNMEASURED,,,0,,,,,,,,
individual,mixed,2,warmup,C,cpu_rss,A,OBSERVED,,,6,2026-10-06T09:27:35.656003+00:00,2026-10-06T09:28:00.658282+00:00,25.000035047531128,7.07999007455314,,,,
individual,mixed,2,warmup,C,heap_gc,A,OBSERVED,,,6,2026-10-06T09:27:35.658346+00:00,2026-10-06T09:28:00.876718+00:00,25.019458770751953,,468363946.6666667,471859200,0.0,
individual,mixed,2,warmup,C,tick,A,UNMEASURED,,,0,,,,,,,,
individual,mixed,2,steady,A,cpu_rss,A,OBSERVED,,,24,2026-10-06T09:28:05.655836+00:00,2026-10-06T09:30:00.658258+00:00,115.00000476837158,9.026086582263172,,,,
individual,mixed,2,steady,A,heap_gc,A,OBSERVED,,,23,2026-10-06T09:28:05.658252+00:00,2026-10-06T09:30:00.886797+00:00,115.01471090316772,,373722214.0869565,490878464,0.006999999999999895,
individual,mixed,2,steady,A,tick,A,UNMEASURED,,,0,,,,,,,,
individual,mixed,2,steady,B,cpu_rss,A,OBSERVED,,,24,2026-10-06T09:28:05.655948+00:00,2026-10-06T09:30:00.656863+00:00,115.00000476837158,7.747825765699891,,,,
individual,mixed,2,steady,B,heap_gc,A,OBSERVED,,,24,2026-10-06T09:28:05.656875+00:00,2026-10-06T09:30:00.832590+00:00,114.99100494384766,,328254309.9166667,427962572,0.0040000000000000036,
individual,mixed,2,steady,B,tick,A,UNMEASURED,,,0,,,,,,,,
individual,mixed,2,steady,C,cpu_rss,A,OBSERVED,,,24,2026-10-06T09:28:05.656219+00:00,2026-10-06T09:30:00.657805+00:00,114.99994039535522,6.8782644345783295,,,,
individual,mixed,2,steady,C,heap_gc,A,OBSERVED,,,24,2026-10-06T09:28:05.657727+00:00,2026-10-06T09:30:00.795076+00:00,114.96991038322449,,491126784,508559360,0.0,
individual,mixed,2,steady,C,tick,A,UNMEASURED,,,0,,,,,,,,
individual,same,2,low_flow,A,cpu_rss,A,OBSERVED,,,36,2026-10-06T09:30:10.655802+00:00,2026-10-06T09:33:05.657810+00:00,174.9998757839203,8.754291928136134,,,,
individual,same,2,low_flow,A,heap_gc,A,OBSERVED,,,36,2026-10-06T09:30:10.658100+00:00,2026-10-06T09:33:05.840148+00:00,174.9854290485382,,357345037.4444444,489675673,0.038999999999999924,
individual,same,2,low_flow,A,tick,A,UNMEASURED,,,0,,,,,,,,
individual,same,2,low_flow,B,cpu_rss,A,OBSERVED,,,36,2026-10-06T09:30:10.655896+00:00,2026-10-06T09:33:05.657107+00:00,174.999840259552,7.21714944497536,,,,
individual,same,2,low_flow,B,heap_gc,A,OBSERVED,,,36,2026-10-06T09:30:10.657476+00:00,2026-10-06T09:33:05.858385+00:00,175.03793144226074,,372228323.1111111,434246246,0.007000000000000117,
individual,same,2,low_flow,B,tick,A,UNMEASURED,,,0,,,,,,,,
individual,same,2,low_flow,C,cpu_rss,A,OBSERVED,,,36,2026-10-06T09:30:10.655952+00:00,2026-10-06T09:33:05.658707+00:00,175.00090956687927,7.445675586629101,,,,
individual,same,2,low_flow,C,heap_gc,A,OBSERVED,,,36,2026-10-06T09:30:10.656950+00:00,2026-10-06T09:33:05.872345+00:00,175.01780819892883,,472587539.8333333,552599552,0.050999999999999934,
individual,same,2,low_flow,C,tick,A,UNMEASURED,,,0,,,,,,,,
individual,same,2,warmup,A,cpu_rss,A,OBSERVED,,,6,2026-10-06T09:33:10.655803+00:00,2026-10-06T09:33:35.657406+00:00,25.00039029121399,11.999812663141922,,,,
individual,same,2,warmup,A,heap_gc,A,OBSERVED,,,6,2026-10-06T09:33:10.656689+00:00,2026-10-06T09:33:35.783499+00:00,24.981566190719604,,418063700.6666667,489303244,0.006000000000000005,
individual,same,2,warmup,A,tick,A,UNMEASURED,,,0,,,,,,,,
individual,same,2,warmup,B,cpu_rss,A,OBSERVED,,,6,2026-10-06T09:33:10.656904+00:00,2026-10-06T09:33:35.658595+00:00,25.000038862228394,7.279988683336656,,,,
individual,same,2,warmup,B,heap_gc,A,OBSERVED,,,6,2026-10-06T09:33:10.657614+00:00,2026-10-06T09:33:35.865059+00:00,25.0321524143219,,256003651.66666666,260547481,0.0,
individual,same,2,warmup,B,tick,A,UNMEASURED,,,0,,,,,,,,
individual,same,2,warmup,C,cpu_rss,A,OBSERVED,,,6,2026-10-06T09:33:10.657101+00:00,2026-10-06T09:33:35.657969+00:00,24.999316453933716,7.280199054056979,,,,
individual,same,2,warmup,C,heap_gc,A,OBSERVED,,,6,2026-10-06T09:33:10.658321+00:00,2026-10-06T09:33:35.879449+00:00,25.00259566307068,,234332603.33333334,238177382,0.0,
individual,same,2,warmup,C,tick,A,UNMEASURED,,,0,,,,,,,,
individual,same,2,steady,A,cpu_rss,A,OBSERVED,,,24,2026-10-06T09:33:40.655756+00:00,2026-10-06T09:35:35.656967+00:00,115.00005435943604,10.130429994048168,,,,
individual,same,2,steady,A,heap_gc,A,OBSERVED,,,24,2026-10-06T09:33:40.656952+00:00,2026-10-06T09:35:35.800689+00:00,114.97365760803223,,350448490.6666667,482344960,0.02300000000000013,
individual,same,2,steady,A,tick,A,UNMEASURED,,,0,,,,,,,,
individual,same,2,steady,B,cpu_rss,A,OBSERVED,,,24,2026-10-06T09:33:40.655860+00:00,2026-10-06T09:35:35.658568+00:00,115.0009536743164,7.191244712127097,,,,
individual,same,2,steady,B,heap_gc,A,OBSERVED,,,24,2026-10-06T09:33:40.658073+00:00,2026-10-06T09:35:35.930782+00:00,115.03677797317505,,284358894.3333333,305636249,0.0,
individual,same,2,steady,B,tick,A,UNMEASURED,,,0,,,,,,,,
individual,same,2,steady,C,cpu_rss,A,OBSERVED,,,24,2026-10-06T09:33:40.655910+00:00,2026-10-06T09:35:35.659325+00:00,115.00161743164062,7.095552377644141,,,,
individual,same,2,steady,C,heap_gc,A,OBSERVED,,,24,2026-10-06T09:33:40.657511+00:00,2026-10-06T09:35:35.900288+00:00,115.00424861907959,,258012944.66666666,275926118,0.0,
individual,same,2,steady,C,tick,A,UNMEASURED,,,0,,,,,,,,
individual,mixed,3,low_flow,A,cpu_rss,A,OBSERVED,,,32,2026-10-06T09:35:45.655799+00:00,2026-10-06T09:38:20.658526+00:00,155.00028443336487,8.116114138750627,,,,
individual,mixed,3,low_flow,A,heap_gc,A,OBSERVED,,,32,2026-10-06T09:35:45.658016+00:00,2026-10-06T09:38:20.789366+00:00,154.96319961547852,,371285807.6875,497485414,0.014999999999999902,
individual,mixed,3,low_flow,A,tick,A,UNMEASURED,,,0,,,,,,,,
individual,mixed,3,low_flow,B,cpu_rss,A,OBSERVED,,,32,2026-10-06T09:35:45.655947+00:00,2026-10-06T09:38:20.658941+00:00,155.00028204917908,8.683855165972775,,,,
individual,mixed,3,low_flow,B,heap_gc,A,OBSERVED,,,32,2026-10-06T09:35:45.658439+00:00,2026-10-06T09:38:20.845411+00:00,155.01314163208008,,344551897.375,428319641,0.05599999999999983,
individual,mixed,3,low_flow,B,tick,A,UNMEASURED,,,0,,,,,,,,
individual,mixed,3,low_flow,C,cpu_rss,A,OBSERVED,,,32,2026-10-06T09:35:45.656054+00:00,2026-10-06T09:38:20.657637+00:00,155.0003538131714,7.258047948432498,,,,
individual,mixed,3,low_flow,C,heap_gc,A,OBSERVED,,,32,2026-10-06T09:35:45.657098+00:00,2026-10-06T09:38:20.856878+00:00,155.01801586151123,,301681766,324160614,0.0,
individual,mixed,3,low_flow,C,tick,A,UNMEASURED,,,0,,,,,,,,
individual,mixed,3,warmup,A,cpu_rss,A,OBSERVED,,,6,2026-10-06T09:38:25.655788+00:00,2026-10-06T09:38:50.657475+00:00,24.999611616134644,9.40014603460205,,,,
individual,mixed,3,warmup,A,heap_gc,A,OBSERVED,,,6,2026-10-06T09:38:25.658282+00:00,2026-10-06T09:38:50.861557+00:00,25.020041942596436,,329160328.3333333,365510963,0.0,
individual,mixed,3,warmup,A,tick,A,UNMEASURED,,,0,,,,,,,,
individual,mixed,3,warmup,B,cpu_rss,A,OBSERVED,,,6,2026-10-06T09:38:25.655889+00:00,2026-10-06T09:38:50.657057+00:00,24.99968433380127,7.680096973880655,,,,
individual,mixed,3,warmup,B,heap_gc,A,OBSERVED,,,6,2026-10-06T09:38:25.657717+00:00,2026-10-06T09:38:50.894001+00:00,25.00715160369873,,341508283.3333333,440357888,0.0040000000000000036,
individual,mixed,3,warmup,B,tick,A,UNMEASURED,,,0,,,,,,,,
individual,mixed,3,warmup,C,cpu_rss,A,OBSERVED,,,6,2026-10-06T09:38:25.655964+00:00,2026-10-06T09:38:50.658259+00:00,25.000611782073975,6.99982870521109,,,,
individual,mixed,3,warmup,C,heap_gc,A,OBSERVED,,,6,2026-10-06T09:38:25.657113+00:00,2026-10-06T09:38:50.851275+00:00,24.98363494873047,,329753019.3333333,333597798,0.0,
individual,mixed,3,warmup,C,tick,A,UNMEASURED,,,0,,,,,,,,
individual,mixed,3,steady,A,cpu_rss,A,OBSERVED,,,24,2026-10-06T09:38:55.655821+00:00,2026-10-06T09:40:50.658535+00:00,115.00074625015259,9.09559315141064,,,,
individual,mixed,3,steady,A,heap_gc,A,OBSERVED,,,24,2026-10-06T09:38:55.657033+00:00,2026-10-06T09:40:50.868366+00:00,115.01673769950867,,369388646.3333333,485048627,0.01200000000000001,
individual,mixed,3,steady,A,tick,A,UNMEASURED,,,0,,,,,,,,
individual,mixed,3,steady,B,cpu_rss,A,OBSERVED,,,24,2026-10-06T09:38:55.655991+00:00,2026-10-06T09:40:50.657610+00:00,114.99991655349731,7.617396831696732,,,,
individual,mixed,3,steady,B,heap_gc,A,OBSERVED,,,24,2026-10-06T09:38:55.657714+00:00,2026-10-06T09:40:50.806431+00:00,114.95367503166199,,352409633.3333333,433849036,0.0,
individual,mixed,3,steady,B,tick,A,UNMEASURED,,,0,,,,,,,,
individual,mixed,3,steady,C,cpu_rss,A,OBSERVED,,,24,2026-10-06T09:38:55.656136+00:00,2026-10-06T09:40:50.659508+00:00,115.000479221344,6.8869278229321,,,,
individual,mixed,3,steady,C,heap_gc,A,OBSERVED,,,24,2026-10-06T09:38:55.658439+00:00,2026-10-06T09:40:50.859350+00:00,115.0085756778717,,353477051.3333333,371346534,0.0,
individual,mixed,3,steady,C,tick,A,UNMEASURED,,,0,,,,,,,,
individual,same,3,low_flow,A,cpu_rss,A,OBSERVED,,,35,2026-10-06T09:41:00.655821+00:00,2026-10-06T09:43:50.657503+00:00,169.99968123435974,8.10001518827368,,,,
individual,same,3,low_flow,A,heap_gc,A,OBSERVED,,,35,2026-10-06T09:41:00.658139+00:00,2026-10-06T09:43:50.847571+00:00,169.9898762702942,,355637502.05714285,492438016,0.009000000000000119,
individual,same,3,low_flow,A,tick,A,UNMEASURED,,,0,,,,,,,,
individual,same,3,low_flow,B,cpu_rss,A,OBSERVED,,,35,2026-10-06T09:41:00.655925+00:00,2026-10-06T09:43:50.659069+00:00,170.00081729888916,7.329376527698257,,,,
individual,same,3,low_flow,B,heap_gc,A,OBSERVED,,,35,2026-10-06T09:41:00.657489+00:00,2026-10-06T09:43:50.802950+00:00,169.98181629180908,,270601300.62857145,445383372,0.0050000000000001155,
individual,same,3,low_flow,B,tick,A,UNMEASURED,,,0,,,,,,,,
individual,same,3,low_flow,C,cpu_rss,A,OBSERVED,,,35,2026-10-06T09:41:00.656108+00:00,2026-10-06T09:43:50.658297+00:00,169.9999394416809,7.117649594311145,,,,
individual,same,3,low_flow,C,heap_gc,A,OBSERVED,,,35,2026-10-06T09:41:00.658823+00:00,2026-10-06T09:43:50.821509+00:00,169.96302247047424,,399088859.0285714,422726758,0.0,
individual,same,3,low_flow,C,tick,A,UNMEASURED,,,0,,,,,,,,
individual,same,3,warmup,A,cpu_rss,A,OBSERVED,,,5,2026-10-06T09:44:00.657578+00:00,2026-10-06T09:44:20.657653+00:00,19.996558904647827,9.601652010005319,,,,
individual,same,3,warmup,A,heap_gc,A,OBSERVED,,,5,2026-10-06T09:44:00.662756+00:00,2026-10-06T09:44:20.806001+00:00,19.96021342277527,,451154022,487854182,0.0,
individual,same,3,warmup,A,tick,A,UNMEASURED,,,0,,,,,,,,
individual,same,3,warmup,B,cpu_rss,A,OBSERVED,,,5,2026-10-06T09:44:00.657686+00:00,2026-10-06T09:44:20.657129+00:00,19.997726917266846,7.300829769504236,,,,
individual,same,3,warmup,B,heap_gc,A,OBSERVED,,,5,2026-10-06T09:44:00.659889+00:00,2026-10-06T09:44:20.846732+00:00,20.0025691986084,,303073689.4,306848563,0.0,
individual,same,3,warmup,B,tick,A,UNMEASURED,,,0,,,,,,,,
individual,same,3,warmup,C,cpu_rss,A,OBSERVED,,,5,2026-10-06T09:44:00.659296+00:00,2026-10-06T09:44:20.658358+00:00,19.99725580215454,7.150981185358122,,,,
individual,same,3,warmup,C,heap_gc,A,OBSERVED,,,5,2026-10-06T09:44:00.660791+00:00,2026-10-06T09:44:20.876975+00:00,20.01899814605713,,429437644.4,432163942,0.0,
individual,same,3,warmup,C,tick,A,UNMEASURED,,,0,,,,,,,,
individual,same,3,steady,A,cpu_rss,A,OBSERVED,,,23,2026-10-06T09:44:30.655838+00:00,2026-10-06T09:46:20.659337+00:00,110.00130724906921,9.608976715219384,,,,
individual,same,3,steady,A,heap_gc,A,OBSERVED,,,23,2026-10-06T09:44:30.656708+00:00,2026-10-06T09:46:20.895325+00:00,110.058837890625,,347260825,482804633,0.0030000000000001137,
individual,same,3,steady,A,tick,A,UNMEASURED,,,0,,,,,,,,
individual,same,3,steady,B,cpu_rss,A,OBSERVED,,,23,2026-10-06T09:44:30.656976+00:00,2026-10-06T09:46:20.657488+00:00,109.99945783615112,7.163671671670955,,,,
individual,same,3,steady,B,heap_gc,A,OBSERVED,,,23,2026-10-06T09:44:30.657546+00:00,2026-10-06T09:46:20.868031+00:00,110.01546907424927,,331649664.9130435,351937331,0.0,
individual,same,3,steady,B,tick,A,UNMEASURED,,,0,,,,,,,,
individual,same,3,steady,C,cpu_rss,A,OBSERVED,,,23,2026-10-06T09:44:30.657732+00:00,2026-10-06T09:46:20.658706+00:00,109.99940919876099,7.100038133739334,,,,
individual,same,3,steady,C,heap_gc,A,OBSERVED,,,23,2026-10-06T09:44:30.658261+00:00,2026-10-06T09:46:20.921781+00:00,110.03367948532104,,453682545.1304348,469912678,0.0,
individual,same,3,steady,C,tick,A,UNMEASURED,,,0,,,,,,,,
individual,cross,3,low_flow,A,cpu_rss,A,OBSERVED,,,36,2026-10-06T09:46:30.655777+00:00,2026-10-06T09:49:25.657893+00:00,175.00049257278442,7.611407147588499,,,,
individual,cross,3,low_flow,A,heap_gc,A,OBSERVED,,,36,2026-10-06T09:46:30.656952+00:00,2026-10-06T09:49:25.773597+00:00,174.9610834121704,,378389287.1388889,498629017,0.006999999999999895,
individual,cross,3,low_flow,A,tick,A,OBSERVED,,,11,2026-10-06T09:47:37.250504+00:00,2026-10-06T09:49:17.253398+00:00,99.99983644485474,,,,,0.3
individual,cross,3,low_flow,B,cpu_rss,A,OBSERVED,,,36,2026-10-06T09:46:30.655950+00:00,2026-10-06T09:49:25.657026+00:00,174.99910354614258,9.262904592951754,,,,
individual,cross,3,low_flow,B,heap_gc,A,OBSERVED,,,36,2026-10-06T09:46:30.658795+00:00,2026-10-06T09:49:25.844696+00:00,174.98884344100952,,344605123.75,443163443,0.03299999999999992,
individual,cross,3,low_flow,B,tick,A,OBSERVED,,,11,2026-10-06T09:47:37.250958+00:00,2026-10-06T09:49:17.253648+00:00,99.99792957305908,,,,,0.3090909090909091
individual,cross,3,low_flow,C,cpu_rss,A,OBSERVED,,,36,2026-10-06T09:46:30.656104+00:00,2026-10-06T09:49:25.658378+00:00,175.00039792060852,7.354268991913204,,,,
individual,cross,3,low_flow,C,heap_gc,A,OBSERVED,,,36,2026-10-06T09:46:30.657694+00:00,2026-10-06T09:49:25.861128+00:00,175.01038002967834,,501428212.2222222,531778662,0.0,
individual,cross,3,low_flow,C,tick,A,OBSERVED,,,11,2026-10-06T09:47:37.251232+00:00,2026-10-06T09:49:17.256623+00:00,99.99606609344482,,,,,0.2
individual,cross,3,warmup,A,cpu_rss,A,OBSERVED,,,6,2026-10-06T09:49:30.655801+00:00,2026-10-06T09:49:55.657466+00:00,24.99991226196289,8.960031445422894,,,,
individual,cross,3,warmup,A,heap_gc,A,OBSERVED,,,6,2026-10-06T09:49:30.657655+00:00,2026-10-06T09:49:55.814718+00:00,24.97225546836853,,304075980,326096076,0.0,
individual,cross,3,warmup,A,tick,A,OBSERVED,,,1,2026-10-06T09:49:47.250597+00:00,2026-10-06T09:49:47.252386+00:00,0.0,,,,,0.3
individual,cross,3,warmup,B,cpu_rss,A,OBSERVED,,,6,2026-10-06T09:49:30.655903+00:00,2026-10-06T09:49:55.656821+00:00,24.99991011619568,9.280033364988324,,,,
individual,cross,3,warmup,B,heap_gc,A,OBSERVED,,,6,2026-10-06T09:49:30.657047+00:00,2026-10-06T09:49:55.863340+00:00,25.00805425643921,,359858141.6666667,392189235,0.0,
individual,cross,3,warmup,B,tick,A,OBSERVED,,,1,2026-10-06T09:49:47.250761+00:00,2026-10-06T09:49:47.252664+00:00,0.0,,,,,0.4
individual,cross,3,warmup,C,cpu_rss,A,OBSERVED,,,6,2026-10-06T09:49:30.655966+00:00,2026-10-06T09:49:55.658149+00:00,25.000036239624023,7.239989505020105,,,,
individual,cross,3,warmup,C,heap_gc,A,OBSERVED,,,6,2026-10-06T09:49:30.658110+00:00,2026-10-06T09:49:55.806143+00:00,24.970054626464844,,538419643.3333334,542264422,0.0,
individual,cross,3,warmup,C,tick,A,OBSERVED,,,1,2026-10-06T09:49:47.250808+00:00,2026-10-06T09:49:47.254215+00:00,0.0,,,,,0.2
individual,cross,3,steady,A,cpu_rss,A,OBSERVED,,,24,2026-10-06T09:50:00.655776+00:00,2026-10-06T09:51:55.657369+00:00,114.99968957901001,9.339155644086448,,,,
individual,cross,3,steady,A,heap_gc,A,OBSERVED,,,24,2026-10-06T09:50:00.658039+00:00,2026-10-06T09:51:55.897621+00:00,115.0104591846466,,379294732.0833333,491771084,0.018999999999999906,
individual,cross,3,steady,A,tick,A,OBSERVED,,,11,2026-10-06T09:50:17.252345+00:00,2026-10-06T09:51:57.252088+00:00,99.99633693695068,,,,,0.4
individual,cross,3,steady,B,cpu_rss,A,OBSERVED,,,24,2026-10-06T09:50:00.655905+00:00,2026-10-06T09:51:55.656862+00:00,115.00005793571472,9.695647289354332,,,,
individual,cross,3,steady,B,heap_gc,A,OBSERVED,,,24,2026-10-06T09:50:00.656776+00:00,2026-10-06T09:51:55.836820+00:00,114.97276067733765,,346517699.75,440423731,0.029000000000000137,
individual,cross,3,steady,B,tick,A,OBSERVED,,,11,2026-10-06T09:50:17.252510+00:00,2026-10-06T09:51:57.252980+00:00,99.99809718132019,,,,,0.38181818181818183
individual,cross,3,steady,C,cpu_rss,A,OBSERVED,,,24,2026-10-06T09:50:00.655955+00:00,2026-10-06T09:51:55.658441+00:00,115.0007061958313,7.330389767906949,,,,
individual,cross,3,steady,C,heap_gc,A,OBSERVED,,,24,2026-10-06T09:50:00.657270+00:00,2026-10-06T09:51:55.918727+00:00,115.02325081825256,,364484590.4166667,560090214,0.01200000000000001,
individual,cross,3,steady,C,tick,A,OBSERVED,,,11,2026-10-06T09:50:17.252788+00:00,2026-10-06T09:51:57.252563+00:00,99.99591994285583,,,,,0.2
common,cross,1,low_flow,A,cpu_rss,ALL_SUPPLIED,UNMEASURED,NO_COMMON_MEASUREMENT,"Only one run supplied; individual observations retained, no cross-run comparison",,,,,,,,,
common,cross,1,low_flow,A,heap_gc,ALL_SUPPLIED,UNMEASURED,NO_COMMON_MEASUREMENT,"Only one run supplied; individual observations retained, no cross-run comparison",,,,,,,,,
common,cross,1,low_flow,A,tick,ALL_SUPPLIED,UNMEASURED,NO_COMMON_MEASUREMENT,"Only one run supplied; individual observations retained, no cross-run comparison",,,,,,,,,
common,cross,1,low_flow,B,cpu_rss,ALL_SUPPLIED,UNMEASURED,NO_COMMON_MEASUREMENT,"Only one run supplied; individual observations retained, no cross-run comparison",,,,,,,,,
common,cross,1,low_flow,B,heap_gc,ALL_SUPPLIED,UNMEASURED,NO_COMMON_MEASUREMENT,"Only one run supplied; individual observations retained, no cross-run comparison",,,,,,,,,
common,cross,1,low_flow,B,tick,ALL_SUPPLIED,UNMEASURED,NO_COMMON_MEASUREMENT,"Only one run supplied; individual observations retained, no cross-run comparison",,,,,,,,,
common,cross,1,low_flow,C,cpu_rss,ALL_SUPPLIED,UNMEASURED,NO_COMMON_MEASUREMENT,"Only one run supplied; individual observations retained, no cross-run comparison",,,,,,,,,
common,cross,1,low_flow,C,heap_gc,ALL_SUPPLIED,UNMEASURED,NO_COMMON_MEASUREMENT,"Only one run supplied; individual observations retained, no cross-run comparison",,,,,,,,,
common,cross,1,low_flow,C,tick,ALL_SUPPLIED,UNMEASURED,NO_COMMON_MEASUREMENT,"Only one run supplied; individual observations retained, no cross-run comparison",,,,,,,,,
common,cross,1,steady,A,cpu_rss,ALL_SUPPLIED,UNMEASURED,NO_COMMON_MEASUREMENT,"Only one run supplied; individual observations retained, no cross-run comparison",,,,,,,,,
common,cross,1,steady,A,heap_gc,ALL_SUPPLIED,UNMEASURED,NO_COMMON_MEASUREMENT,"Only one run supplied; individual observations retained, no cross-run comparison",,,,,,,,,
common,cross,1,steady,A,tick,ALL_SUPPLIED,UNMEASURED,NO_COMMON_MEASUREMENT,"Only one run supplied; individual observations retained, no cross-run comparison",,,,,,,,,
common,cross,1,steady,B,cpu_rss,ALL_SUPPLIED,UNMEASURED,NO_COMMON_MEASUREMENT,"Only one run supplied; individual observations retained, no cross-run comparison",,,,,,,,,
common,cross,1,steady,B,heap_gc,ALL_SUPPLIED,UNMEASURED,NO_COMMON_MEASUREMENT,"Only one run supplied; individual observations retained, no cross-run comparison",,,,,,,,,
common,cross,1,steady,B,tick,ALL_SUPPLIED,UNMEASURED,NO_COMMON_MEASUREMENT,"Only one run supplied; individual observations retained, no cross-run comparison",,,,,,,,,
common,cross,1,steady,C,cpu_rss,ALL_SUPPLIED,UNMEASURED,NO_COMMON_MEASUREMENT,"Only one run supplied; individual observations retained, no cross-run comparison",,,,,,,,,
common,cross,1,steady,C,heap_gc,ALL_SUPPLIED,UNMEASURED,NO_COMMON_MEASUREMENT,"Only one run supplied; individual observations retained, no cross-run comparison",,,,,,,,,
common,cross,1,steady,C,tick,ALL_SUPPLIED,UNMEASURED,NO_COMMON_MEASUREMENT,"Only one run supplied; individual observations retained, no cross-run comparison",,,,,,,,,
common,cross,1,warmup,A,cpu_rss,ALL_SUPPLIED,UNMEASURED,NO_COMMON_MEASUREMENT,"Only one run supplied; individual observations retained, no cross-run comparison",,,,,,,,,
common,cross,1,warmup,A,heap_gc,ALL_SUPPLIED,UNMEASURED,NO_COMMON_MEASUREMENT,"Only one run supplied; individual observations retained, no cross-run comparison",,,,,,,,,
common,cross,1,warmup,A,tick,ALL_SUPPLIED,UNMEASURED,NO_COMMON_MEASUREMENT,"Only one run supplied; individual observations retained, no cross-run comparison",,,,,,,,,
common,cross,1,warmup,B,cpu_rss,ALL_SUPPLIED,UNMEASURED,NO_COMMON_MEASUREMENT,"Only one run supplied; individual observations retained, no cross-run comparison",,,,,,,,,
common,cross,1,warmup,B,heap_gc,ALL_SUPPLIED,UNMEASURED,NO_COMMON_MEASUREMENT,"Only one run supplied; individual observations retained, no cross-run comparison",,,,,,,,,
common,cross,1,warmup,B,tick,ALL_SUPPLIED,UNMEASURED,NO_COMMON_MEASUREMENT,"Only one run supplied; individual observations retained, no cross-run comparison",,,,,,,,,
common,cross,1,warmup,C,cpu_rss,ALL_SUPPLIED,UNMEASURED,NO_COMMON_MEASUREMENT,"Only one run supplied; individual observations retained, no cross-run comparison",,,,,,,,,
common,cross,1,warmup,C,heap_gc,ALL_SUPPLIED,UNMEASURED,NO_COMMON_MEASUREMENT,"Only one run supplied; individual observations retained, no cross-run comparison",,,,,,,,,
common,cross,1,warmup,C,tick,ALL_SUPPLIED,UNMEASURED,NO_COMMON_MEASUREMENT,"Only one run supplied; individual observations retained, no cross-run comparison",,,,,,,,,
common,cross,2,low_flow,A,cpu_rss,ALL_SUPPLIED,UNMEASURED,NO_COMMON_MEASUREMENT,"Only one run supplied; individual observations retained, no cross-run comparison",,,,,,,,,
common,cross,2,low_flow,A,heap_gc,ALL_SUPPLIED,UNMEASURED,NO_COMMON_MEASUREMENT,"Only one run supplied; individual observations retained, no cross-run comparison",,,,,,,,,
common,cross,2,low_flow,A,tick,ALL_SUPPLIED,UNMEASURED,NO_COMMON_MEASUREMENT,"Only one run supplied; individual observations retained, no cross-run comparison",,,,,,,,,
common,cross,2,low_flow,B,cpu_rss,ALL_SUPPLIED,UNMEASURED,NO_COMMON_MEASUREMENT,"Only one run supplied; individual observations retained, no cross-run comparison",,,,,,,,,
common,cross,2,low_flow,B,heap_gc,ALL_SUPPLIED,UNMEASURED,NO_COMMON_MEASUREMENT,"Only one run supplied; individual observations retained, no cross-run comparison",,,,,,,,,
common,cross,2,low_flow,B,tick,ALL_SUPPLIED,UNMEASURED,NO_COMMON_MEASUREMENT,"Only one run supplied; individual observations retained, no cross-run comparison",,,,,,,,,
common,cross,2,low_flow,C,cpu_rss,ALL_SUPPLIED,UNMEASURED,NO_COMMON_MEASUREMENT,"Only one run supplied; individual observations retained, no cross-run comparison",,,,,,,,,
common,cross,2,low_flow,C,heap_gc,ALL_SUPPLIED,UNMEASURED,NO_COMMON_MEASUREMENT,"Only one run supplied; individual observations retained, no cross-run comparison",,,,,,,,,
common,cross,2,low_flow,C,tick,ALL_SUPPLIED,UNMEASURED,NO_COMMON_MEASUREMENT,"Only one run supplied; individual observations retained, no cross-run comparison",,,,,,,,,
common,cross,2,steady,A,cpu_rss,ALL_SUPPLIED,UNMEASURED,NO_COMMON_MEASUREMENT,"Only one run supplied; individual observations retained, no cross-run comparison",,,,,,,,,
common,cross,2,steady,A,heap_gc,ALL_SUPPLIED,UNMEASURED,NO_COMMON_MEASUREMENT,"Only one run supplied; individual observations retained, no cross-run comparison",,,,,,,,,
common,cross,2,steady,A,tick,ALL_SUPPLIED,UNMEASURED,NO_COMMON_MEASUREMENT,"Only one run supplied; individual observations retained, no cross-run comparison",,,,,,,,,
common,cross,2,steady,B,cpu_rss,ALL_SUPPLIED,UNMEASURED,NO_COMMON_MEASUREMENT,"Only one run supplied; individual observations retained, no cross-run comparison",,,,,,,,,
common,cross,2,steady,B,heap_gc,ALL_SUPPLIED,UNMEASURED,NO_COMMON_MEASUREMENT,"Only one run supplied; individual observations retained, no cross-run comparison",,,,,,,,,
common,cross,2,steady,B,tick,ALL_SUPPLIED,UNMEASURED,NO_COMMON_MEASUREMENT,"Only one run supplied; individual observations retained, no cross-run comparison",,,,,,,,,
common,cross,2,steady,C,cpu_rss,ALL_SUPPLIED,UNMEASURED,NO_COMMON_MEASUREMENT,"Only one run supplied; individual observations retained, no cross-run comparison",,,,,,,,,
common,cross,2,steady,C,heap_gc,ALL_SUPPLIED,UNMEASURED,NO_COMMON_MEASUREMENT,"Only one run supplied; individual observations retained, no cross-run comparison",,,,,,,,,
common,cross,2,steady,C,tick,ALL_SUPPLIED,UNMEASURED,NO_COMMON_MEASUREMENT,"Only one run supplied; individual observations retained, no cross-run comparison",,,,,,,,,
common,cross,2,warmup,A,cpu_rss,ALL_SUPPLIED,UNMEASURED,NO_COMMON_MEASUREMENT,"Only one run supplied; individual observations retained, no cross-run comparison",,,,,,,,,
common,cross,2,warmup,A,heap_gc,ALL_SUPPLIED,UNMEASURED,NO_COMMON_MEASUREMENT,"Only one run supplied; individual observations retained, no cross-run comparison",,,,,,,,,
common,cross,2,warmup,A,tick,ALL_SUPPLIED,UNMEASURED,NO_COMMON_MEASUREMENT,"Only one run supplied; individual observations retained, no cross-run comparison",,,,,,,,,
common,cross,2,warmup,B,cpu_rss,ALL_SUPPLIED,UNMEASURED,NO_COMMON_MEASUREMENT,"Only one run supplied; individual observations retained, no cross-run comparison",,,,,,,,,
common,cross,2,warmup,B,heap_gc,ALL_SUPPLIED,UNMEASURED,NO_COMMON_MEASUREMENT,"Only one run supplied; individual observations retained, no cross-run comparison",,,,,,,,,
common,cross,2,warmup,B,tick,ALL_SUPPLIED,UNMEASURED,NO_COMMON_MEASUREMENT,"Only one run supplied; individual observations retained, no cross-run comparison",,,,,,,,,
common,cross,2,warmup,C,cpu_rss,ALL_SUPPLIED,UNMEASURED,NO_COMMON_MEASUREMENT,"Only one run supplied; individual observations retained, no cross-run comparison",,,,,,,,,
common,cross,2,warmup,C,heap_gc,ALL_SUPPLIED,UNMEASURED,NO_COMMON_MEASUREMENT,"Only one run supplied; individual observations retained, no cross-run comparison",,,,,,,,,
common,cross,2,warmup,C,tick,ALL_SUPPLIED,UNMEASURED,NO_COMMON_MEASUREMENT,"Only one run supplied; individual observations retained, no cross-run comparison",,,,,,,,,
common,cross,3,low_flow,A,cpu_rss,ALL_SUPPLIED,UNMEASURED,NO_COMMON_MEASUREMENT,"Only one run supplied; individual observations retained, no cross-run comparison",,,,,,,,,
common,cross,3,low_flow,A,heap_gc,ALL_SUPPLIED,UNMEASURED,NO_COMMON_MEASUREMENT,"Only one run supplied; individual observations retained, no cross-run comparison",,,,,,,,,
common,cross,3,low_flow,A,tick,ALL_SUPPLIED,UNMEASURED,NO_COMMON_MEASUREMENT,"Only one run supplied; individual observations retained, no cross-run comparison",,,,,,,,,
common,cross,3,low_flow,B,cpu_rss,ALL_SUPPLIED,UNMEASURED,NO_COMMON_MEASUREMENT,"Only one run supplied; individual observations retained, no cross-run comparison",,,,,,,,,
common,cross,3,low_flow,B,heap_gc,ALL_SUPPLIED,UNMEASURED,NO_COMMON_MEASUREMENT,"Only one run supplied; individual observations retained, no cross-run comparison",,,,,,,,,
common,cross,3,low_flow,B,tick,ALL_SUPPLIED,UNMEASURED,NO_COMMON_MEASUREMENT,"Only one run supplied; individual observations retained, no cross-run comparison",,,,,,,,,
common,cross,3,low_flow,C,cpu_rss,ALL_SUPPLIED,UNMEASURED,NO_COMMON_MEASUREMENT,"Only one run supplied; individual observations retained, no cross-run comparison",,,,,,,,,
common,cross,3,low_flow,C,heap_gc,ALL_SUPPLIED,UNMEASURED,NO_COMMON_MEASUREMENT,"Only one run supplied; individual observations retained, no cross-run comparison",,,,,,,,,
common,cross,3,low_flow,C,tick,ALL_SUPPLIED,UNMEASURED,NO_COMMON_MEASUREMENT,"Only one run supplied; individual observations retained, no cross-run comparison",,,,,,,,,
common,cross,3,steady,A,cpu_rss,ALL_SUPPLIED,UNMEASURED,NO_COMMON_MEASUREMENT,"Only one run supplied; individual observations retained, no cross-run comparison",,,,,,,,,
common,cross,3,steady,A,heap_gc,ALL_SUPPLIED,UNMEASURED,NO_COMMON_MEASUREMENT,"Only one run supplied; individual observations retained, no cross-run comparison",,,,,,,,,
common,cross,3,steady,A,tick,ALL_SUPPLIED,UNMEASURED,NO_COMMON_MEASUREMENT,"Only one run supplied; individual observations retained, no cross-run comparison",,,,,,,,,
common,cross,3,steady,B,cpu_rss,ALL_SUPPLIED,UNMEASURED,NO_COMMON_MEASUREMENT,"Only one run supplied; individual observations retained, no cross-run comparison",,,,,,,,,
common,cross,3,steady,B,heap_gc,ALL_SUPPLIED,UNMEASURED,NO_COMMON_MEASUREMENT,"Only one run supplied; individual observations retained, no cross-run comparison",,,,,,,,,
common,cross,3,steady,B,tick,ALL_SUPPLIED,UNMEASURED,NO_COMMON_MEASUREMENT,"Only one run supplied; individual observations retained, no cross-run comparison",,,,,,,,,
common,cross,3,steady,C,cpu_rss,ALL_SUPPLIED,UNMEASURED,NO_COMMON_MEASUREMENT,"Only one run supplied; individual observations retained, no cross-run comparison",,,,,,,,,
common,cross,3,steady,C,heap_gc,ALL_SUPPLIED,UNMEASURED,NO_COMMON_MEASUREMENT,"Only one run supplied; individual observations retained, no cross-run comparison",,,,,,,,,
common,cross,3,steady,C,tick,ALL_SUPPLIED,UNMEASURED,NO_COMMON_MEASUREMENT,"Only one run supplied; individual observations retained, no cross-run comparison",,,,,,,,,
common,cross,3,warmup,A,cpu_rss,ALL_SUPPLIED,UNMEASURED,NO_COMMON_MEASUREMENT,"Only one run supplied; individual observations retained, no cross-run comparison",,,,,,,,,
common,cross,3,warmup,A,heap_gc,ALL_SUPPLIED,UNMEASURED,NO_COMMON_MEASUREMENT,"Only one run supplied; individual observations retained, no cross-run comparison",,,,,,,,,
common,cross,3,warmup,A,tick,ALL_SUPPLIED,UNMEASURED,NO_COMMON_MEASUREMENT,"Only one run supplied; individual observations retained, no cross-run comparison",,,,,,,,,
common,cross,3,warmup,B,cpu_rss,ALL_SUPPLIED,UNMEASURED,NO_COMMON_MEASUREMENT,"Only one run supplied; individual observations retained, no cross-run comparison",,,,,,,,,
common,cross,3,warmup,B,heap_gc,ALL_SUPPLIED,UNMEASURED,NO_COMMON_MEASUREMENT,"Only one run supplied; individual observations retained, no cross-run comparison",,,,,,,,,
common,cross,3,warmup,B,tick,ALL_SUPPLIED,UNMEASURED,NO_COMMON_MEASUREMENT,"Only one run supplied; individual observations retained, no cross-run comparison",,,,,,,,,
common,cross,3,warmup,C,cpu_rss,ALL_SUPPLIED,UNMEASURED,NO_COMMON_MEASUREMENT,"Only one run supplied; individual observations retained, no cross-run comparison",,,,,,,,,
common,cross,3,warmup,C,heap_gc,ALL_SUPPLIED,UNMEASURED,NO_COMMON_MEASUREMENT,"Only one run supplied; individual observations retained, no cross-run comparison",,,,,,,,,
common,cross,3,warmup,C,tick,ALL_SUPPLIED,UNMEASURED,NO_COMMON_MEASUREMENT,"Only one run supplied; individual observations retained, no cross-run comparison",,,,,,,,,
common,mixed,1,low_flow,A,cpu_rss,ALL_SUPPLIED,UNMEASURED,NO_COMMON_MEASUREMENT,"Only one run supplied; individual observations retained, no cross-run comparison",,,,,,,,,
common,mixed,1,low_flow,A,heap_gc,ALL_SUPPLIED,UNMEASURED,NO_COMMON_MEASUREMENT,"Only one run supplied; individual observations retained, no cross-run comparison",,,,,,,,,
common,mixed,1,low_flow,A,tick,ALL_SUPPLIED,UNMEASURED,NO_COMMON_MEASUREMENT,"Only one run supplied; individual observations retained, no cross-run comparison",,,,,,,,,
common,mixed,1,low_flow,B,cpu_rss,ALL_SUPPLIED,UNMEASURED,NO_COMMON_MEASUREMENT,"Only one run supplied; individual observations retained, no cross-run comparison",,,,,,,,,
common,mixed,1,low_flow,B,heap_gc,ALL_SUPPLIED,UNMEASURED,NO_COMMON_MEASUREMENT,"Only one run supplied; individual observations retained, no cross-run comparison",,,,,,,,,
common,mixed,1,low_flow,B,tick,ALL_SUPPLIED,UNMEASURED,NO_COMMON_MEASUREMENT,"Only one run supplied; individual observations retained, no cross-run comparison",,,,,,,,,
common,mixed,1,low_flow,C,cpu_rss,ALL_SUPPLIED,UNMEASURED,NO_COMMON_MEASUREMENT,"Only one run supplied; individual observations retained, no cross-run comparison",,,,,,,,,
common,mixed,1,low_flow,C,heap_gc,ALL_SUPPLIED,UNMEASURED,NO_COMMON_MEASUREMENT,"Only one run supplied; individual observations retained, no cross-run comparison",,,,,,,,,
common,mixed,1,low_flow,C,tick,ALL_SUPPLIED,UNMEASURED,NO_COMMON_MEASUREMENT,"Only one run supplied; individual observations retained, no cross-run comparison",,,,,,,,,
common,mixed,1,steady,A,cpu_rss,ALL_SUPPLIED,UNMEASURED,NO_COMMON_MEASUREMENT,"Only one run supplied; individual observations retained, no cross-run comparison",,,,,,,,,
common,mixed,1,steady,A,heap_gc,ALL_SUPPLIED,UNMEASURED,NO_COMMON_MEASUREMENT,"Only one run supplied; individual observations retained, no cross-run comparison",,,,,,,,,
common,mixed,1,steady,A,tick,ALL_SUPPLIED,UNMEASURED,NO_COMMON_MEASUREMENT,"Only one run supplied; individual observations retained, no cross-run comparison",,,,,,,,,
common,mixed,1,steady,B,cpu_rss,ALL_SUPPLIED,UNMEASURED,NO_COMMON_MEASUREMENT,"Only one run supplied; individual observations retained, no cross-run comparison",,,,,,,,,
common,mixed,1,steady,B,heap_gc,ALL_SUPPLIED,UNMEASURED,NO_COMMON_MEASUREMENT,"Only one run supplied; individual observations retained, no cross-run comparison",,,,,,,,,
common,mixed,1,steady,B,tick,ALL_SUPPLIED,UNMEASURED,NO_COMMON_MEASUREMENT,"Only one run supplied; individual observations retained, no cross-run comparison",,,,,,,,,
common,mixed,1,steady,C,cpu_rss,ALL_SUPPLIED,UNMEASURED,NO_COMMON_MEASUREMENT,"Only one run supplied; individual observations retained, no cross-run comparison",,,,,,,,,
common,mixed,1,steady,C,heap_gc,ALL_SUPPLIED,UNMEASURED,NO_COMMON_MEASUREMENT,"Only one run supplied; individual observations retained, no cross-run comparison",,,,,,,,,
common,mixed,1,steady,C,tick,ALL_SUPPLIED,UNMEASURED,NO_COMMON_MEASUREMENT,"Only one run supplied; individual observations retained, no cross-run comparison",,,,,,,,,
common,mixed,1,warmup,A,cpu_rss,ALL_SUPPLIED,UNMEASURED,NO_COMMON_MEASUREMENT,"Only one run supplied; individual observations retained, no cross-run comparison",,,,,,,,,
common,mixed,1,warmup,A,heap_gc,ALL_SUPPLIED,UNMEASURED,NO_COMMON_MEASUREMENT,"Only one run supplied; individual observations retained, no cross-run comparison",,,,,,,,,
common,mixed,1,warmup,A,tick,ALL_SUPPLIED,UNMEASURED,NO_COMMON_MEASUREMENT,"Only one run supplied; individual observations retained, no cross-run comparison",,,,,,,,,
common,mixed,1,warmup,B,cpu_rss,ALL_SUPPLIED,UNMEASURED,NO_COMMON_MEASUREMENT,"Only one run supplied; individual observations retained, no cross-run comparison",,,,,,,,,
common,mixed,1,warmup,B,heap_gc,ALL_SUPPLIED,UNMEASURED,NO_COMMON_MEASUREMENT,"Only one run supplied; individual observations retained, no cross-run comparison",,,,,,,,,
common,mixed,1,warmup,B,tick,ALL_SUPPLIED,UNMEASURED,NO_COMMON_MEASUREMENT,"Only one run supplied; individual observations retained, no cross-run comparison",,,,,,,,,
common,mixed,1,warmup,C,cpu_rss,ALL_SUPPLIED,UNMEASURED,NO_COMMON_MEASUREMENT,"Only one run supplied; individual observations retained, no cross-run comparison",,,,,,,,,
common,mixed,1,warmup,C,heap_gc,ALL_SUPPLIED,UNMEASURED,NO_COMMON_MEASUREMENT,"Only one run supplied; individual observations retained, no cross-run comparison",,,,,,,,,
common,mixed,1,warmup,C,tick,ALL_SUPPLIED,UNMEASURED,NO_COMMON_MEASUREMENT,"Only one run supplied; individual observations retained, no cross-run comparison",,,,,,,,,
common,mixed,2,low_flow,A,cpu_rss,ALL_SUPPLIED,UNMEASURED,NO_COMMON_MEASUREMENT,"Only one run supplied; individual observations retained, no cross-run comparison",,,,,,,,,
common,mixed,2,low_flow,A,heap_gc,ALL_SUPPLIED,UNMEASURED,NO_COMMON_MEASUREMENT,"Only one run supplied; individual observations retained, no cross-run comparison",,,,,,,,,
common,mixed,2,low_flow,A,tick,ALL_SUPPLIED,UNMEASURED,NO_COMMON_MEASUREMENT,"Only one run supplied; individual observations retained, no cross-run comparison",,,,,,,,,
common,mixed,2,low_flow,B,cpu_rss,ALL_SUPPLIED,UNMEASURED,NO_COMMON_MEASUREMENT,"Only one run supplied; individual observations retained, no cross-run comparison",,,,,,,,,
common,mixed,2,low_flow,B,heap_gc,ALL_SUPPLIED,UNMEASURED,NO_COMMON_MEASUREMENT,"Only one run supplied; individual observations retained, no cross-run comparison",,,,,,,,,
common,mixed,2,low_flow,B,tick,ALL_SUPPLIED,UNMEASURED,NO_COMMON_MEASUREMENT,"Only one run supplied; individual observations retained, no cross-run comparison",,,,,,,,,
common,mixed,2,low_flow,C,cpu_rss,ALL_SUPPLIED,UNMEASURED,NO_COMMON_MEASUREMENT,"Only one run supplied; individual observations retained, no cross-run comparison",,,,,,,,,
common,mixed,2,low_flow,C,heap_gc,ALL_SUPPLIED,UNMEASURED,NO_COMMON_MEASUREMENT,"Only one run supplied; individual observations retained, no cross-run comparison",,,,,,,,,
common,mixed,2,low_flow,C,tick,ALL_SUPPLIED,UNMEASURED,NO_COMMON_MEASUREMENT,"Only one run supplied; individual observations retained, no cross-run comparison",,,,,,,,,
common,mixed,2,steady,A,cpu_rss,ALL_SUPPLIED,UNMEASURED,NO_COMMON_MEASUREMENT,"Only one run supplied; individual observations retained, no cross-run comparison",,,,,,,,,
common,mixed,2,steady,A,heap_gc,ALL_SUPPLIED,UNMEASURED,NO_COMMON_MEASUREMENT,"Only one run supplied; individual observations retained, no cross-run comparison",,,,,,,,,
common,mixed,2,steady,A,tick,ALL_SUPPLIED,UNMEASURED,NO_COMMON_MEASUREMENT,"Only one run supplied; individual observations retained, no cross-run comparison",,,,,,,,,
common,mixed,2,steady,B,cpu_rss,ALL_SUPPLIED,UNMEASURED,NO_COMMON_MEASUREMENT,"Only one run supplied; individual observations retained, no cross-run comparison",,,,,,,,,
common,mixed,2,steady,B,heap_gc,ALL_SUPPLIED,UNMEASURED,NO_COMMON_MEASUREMENT,"Only one run supplied; individual observations retained, no cross-run comparison",,,,,,,,,
common,mixed,2,steady,B,tick,ALL_SUPPLIED,UNMEASURED,NO_COMMON_MEASUREMENT,"Only one run supplied; individual observations retained, no cross-run comparison",,,,,,,,,
common,mixed,2,steady,C,cpu_rss,ALL_SUPPLIED,UNMEASURED,NO_COMMON_MEASUREMENT,"Only one run supplied; individual observations retained, no cross-run comparison",,,,,,,,,
common,mixed,2,steady,C,heap_gc,ALL_SUPPLIED,UNMEASURED,NO_COMMON_MEASUREMENT,"Only one run supplied; individual observations retained, no cross-run comparison",,,,,,,,,
common,mixed,2,steady,C,tick,ALL_SUPPLIED,UNMEASURED,NO_COMMON_MEASUREMENT,"Only one run supplied; individual observations retained, no cross-run comparison",,,,,,,,,
common,mixed,2,warmup,A,cpu_rss,ALL_SUPPLIED,UNMEASURED,NO_COMMON_MEASUREMENT,"Only one run supplied; individual observations retained, no cross-run comparison",,,,,,,,,
common,mixed,2,warmup,A,heap_gc,ALL_SUPPLIED,UNMEASURED,NO_COMMON_MEASUREMENT,"Only one run supplied; individual observations retained, no cross-run comparison",,,,,,,,,
common,mixed,2,warmup,A,tick,ALL_SUPPLIED,UNMEASURED,NO_COMMON_MEASUREMENT,"Only one run supplied; individual observations retained, no cross-run comparison",,,,,,,,,
common,mixed,2,warmup,B,cpu_rss,ALL_SUPPLIED,UNMEASURED,NO_COMMON_MEASUREMENT,"Only one run supplied; individual observations retained, no cross-run comparison",,,,,,,,,
common,mixed,2,warmup,B,heap_gc,ALL_SUPPLIED,UNMEASURED,NO_COMMON_MEASUREMENT,"Only one run supplied; individual observations retained, no cross-run comparison",,,,,,,,,
common,mixed,2,warmup,B,tick,ALL_SUPPLIED,UNMEASURED,NO_COMMON_MEASUREMENT,"Only one run supplied; individual observations retained, no cross-run comparison",,,,,,,,,
common,mixed,2,warmup,C,cpu_rss,ALL_SUPPLIED,UNMEASURED,NO_COMMON_MEASUREMENT,"Only one run supplied; individual observations retained, no cross-run comparison",,,,,,,,,
common,mixed,2,warmup,C,heap_gc,ALL_SUPPLIED,UNMEASURED,NO_COMMON_MEASUREMENT,"Only one run supplied; individual observations retained, no cross-run comparison",,,,,,,,,
common,mixed,2,warmup,C,tick,ALL_SUPPLIED,UNMEASURED,NO_COMMON_MEASUREMENT,"Only one run supplied; individual observations retained, no cross-run comparison",,,,,,,,,
common,mixed,3,low_flow,A,cpu_rss,ALL_SUPPLIED,UNMEASURED,NO_COMMON_MEASUREMENT,"Only one run supplied; individual observations retained, no cross-run comparison",,,,,,,,,
common,mixed,3,low_flow,A,heap_gc,ALL_SUPPLIED,UNMEASURED,NO_COMMON_MEASUREMENT,"Only one run supplied; individual observations retained, no cross-run comparison",,,,,,,,,
common,mixed,3,low_flow,A,tick,ALL_SUPPLIED,UNMEASURED,NO_COMMON_MEASUREMENT,"Only one run supplied; individual observations retained, no cross-run comparison",,,,,,,,,
common,mixed,3,low_flow,B,cpu_rss,ALL_SUPPLIED,UNMEASURED,NO_COMMON_MEASUREMENT,"Only one run supplied; individual observations retained, no cross-run comparison",,,,,,,,,
common,mixed,3,low_flow,B,heap_gc,ALL_SUPPLIED,UNMEASURED,NO_COMMON_MEASUREMENT,"Only one run supplied; individual observations retained, no cross-run comparison",,,,,,,,,
common,mixed,3,low_flow,B,tick,ALL_SUPPLIED,UNMEASURED,NO_COMMON_MEASUREMENT,"Only one run supplied; individual observations retained, no cross-run comparison",,,,,,,,,
common,mixed,3,low_flow,C,cpu_rss,ALL_SUPPLIED,UNMEASURED,NO_COMMON_MEASUREMENT,"Only one run supplied; individual observations retained, no cross-run comparison",,,,,,,,,
common,mixed,3,low_flow,C,heap_gc,ALL_SUPPLIED,UNMEASURED,NO_COMMON_MEASUREMENT,"Only one run supplied; individual observations retained, no cross-run comparison",,,,,,,,,
common,mixed,3,low_flow,C,tick,ALL_SUPPLIED,UNMEASURED,NO_COMMON_MEASUREMENT,"Only one run supplied; individual observations retained, no cross-run comparison",,,,,,,,,
common,mixed,3,steady,A,cpu_rss,ALL_SUPPLIED,UNMEASURED,NO_COMMON_MEASUREMENT,"Only one run supplied; individual observations retained, no cross-run comparison",,,,,,,,,
common,mixed,3,steady,A,heap_gc,ALL_SUPPLIED,UNMEASURED,NO_COMMON_MEASUREMENT,"Only one run supplied; individual observations retained, no cross-run comparison",,,,,,,,,
common,mixed,3,steady,A,tick,ALL_SUPPLIED,UNMEASURED,NO_COMMON_MEASUREMENT,"Only one run supplied; individual observations retained, no cross-run comparison",,,,,,,,,
common,mixed,3,steady,B,cpu_rss,ALL_SUPPLIED,UNMEASURED,NO_COMMON_MEASUREMENT,"Only one run supplied; individual observations retained, no cross-run comparison",,,,,,,,,
common,mixed,3,steady,B,heap_gc,ALL_SUPPLIED,UNMEASURED,NO_COMMON_MEASUREMENT,"Only one run supplied; individual observations retained, no cross-run comparison",,,,,,,,,
common,mixed,3,steady,B,tick,ALL_SUPPLIED,UNMEASURED,NO_COMMON_MEASUREMENT,"Only one run supplied; individual observations retained, no cross-run comparison",,,,,,,,,
common,mixed,3,steady,C,cpu_rss,ALL_SUPPLIED,UNMEASURED,NO_COMMON_MEASUREMENT,"Only one run supplied; individual observations retained, no cross-run comparison",,,,,,,,,
common,mixed,3,steady,C,heap_gc,ALL_SUPPLIED,UNMEASURED,NO_COMMON_MEASUREMENT,"Only one run supplied; individual observations retained, no cross-run comparison",,,,,,,,,
common,mixed,3,steady,C,tick,ALL_SUPPLIED,UNMEASURED,NO_COMMON_MEASUREMENT,"Only one run supplied; individual observations retained, no cross-run comparison",,,,,,,,,
common,mixed,3,warmup,A,cpu_rss,ALL_SUPPLIED,UNMEASURED,NO_COMMON_MEASUREMENT,"Only one run supplied; individual observations retained, no cross-run comparison",,,,,,,,,
common,mixed,3,warmup,A,heap_gc,ALL_SUPPLIED,UNMEASURED,NO_COMMON_MEASUREMENT,"Only one run supplied; individual observations retained, no cross-run comparison",,,,,,,,,
common,mixed,3,warmup,A,tick,ALL_SUPPLIED,UNMEASURED,NO_COMMON_MEASUREMENT,"Only one run supplied; individual observations retained, no cross-run comparison",,,,,,,,,
common,mixed,3,warmup,B,cpu_rss,ALL_SUPPLIED,UNMEASURED,NO_COMMON_MEASUREMENT,"Only one run supplied; individual observations retained, no cross-run comparison",,,,,,,,,
common,mixed,3,warmup,B,heap_gc,ALL_SUPPLIED,UNMEASURED,NO_COMMON_MEASUREMENT,"Only one run supplied; individual observations retained, no cross-run comparison",,,,,,,,,
common,mixed,3,warmup,B,tick,ALL_SUPPLIED,UNMEASURED,NO_COMMON_MEASUREMENT,"Only one run supplied; individual observations retained, no cross-run comparison",,,,,,,,,
common,mixed,3,warmup,C,cpu_rss,ALL_SUPPLIED,UNMEASURED,NO_COMMON_MEASUREMENT,"Only one run supplied; individual observations retained, no cross-run comparison",,,,,,,,,
common,mixed,3,warmup,C,heap_gc,ALL_SUPPLIED,UNMEASURED,NO_COMMON_MEASUREMENT,"Only one run supplied; individual observations retained, no cross-run comparison",,,,,,,,,
common,mixed,3,warmup,C,tick,ALL_SUPPLIED,UNMEASURED,NO_COMMON_MEASUREMENT,"Only one run supplied; individual observations retained, no cross-run comparison",,,,,,,,,
common,same,1,low_flow,A,cpu_rss,ALL_SUPPLIED,UNMEASURED,NO_COMMON_MEASUREMENT,"Only one run supplied; individual observations retained, no cross-run comparison",,,,,,,,,
common,same,1,low_flow,A,heap_gc,ALL_SUPPLIED,UNMEASURED,NO_COMMON_MEASUREMENT,"Only one run supplied; individual observations retained, no cross-run comparison",,,,,,,,,
common,same,1,low_flow,A,tick,ALL_SUPPLIED,UNMEASURED,NO_COMMON_MEASUREMENT,"Only one run supplied; individual observations retained, no cross-run comparison",,,,,,,,,
common,same,1,low_flow,B,cpu_rss,ALL_SUPPLIED,UNMEASURED,NO_COMMON_MEASUREMENT,"Only one run supplied; individual observations retained, no cross-run comparison",,,,,,,,,
common,same,1,low_flow,B,heap_gc,ALL_SUPPLIED,UNMEASURED,NO_COMMON_MEASUREMENT,"Only one run supplied; individual observations retained, no cross-run comparison",,,,,,,,,
common,same,1,low_flow,B,tick,ALL_SUPPLIED,UNMEASURED,NO_COMMON_MEASUREMENT,"Only one run supplied; individual observations retained, no cross-run comparison",,,,,,,,,
common,same,1,low_flow,C,cpu_rss,ALL_SUPPLIED,UNMEASURED,NO_COMMON_MEASUREMENT,"Only one run supplied; individual observations retained, no cross-run comparison",,,,,,,,,
common,same,1,low_flow,C,heap_gc,ALL_SUPPLIED,UNMEASURED,NO_COMMON_MEASUREMENT,"Only one run supplied; individual observations retained, no cross-run comparison",,,,,,,,,
common,same,1,low_flow,C,tick,ALL_SUPPLIED,UNMEASURED,NO_COMMON_MEASUREMENT,"Only one run supplied; individual observations retained, no cross-run comparison",,,,,,,,,
common,same,1,steady,A,cpu_rss,ALL_SUPPLIED,UNMEASURED,NO_COMMON_MEASUREMENT,"Only one run supplied; individual observations retained, no cross-run comparison",,,,,,,,,
common,same,1,steady,A,heap_gc,ALL_SUPPLIED,UNMEASURED,NO_COMMON_MEASUREMENT,"Only one run supplied; individual observations retained, no cross-run comparison",,,,,,,,,
common,same,1,steady,A,tick,ALL_SUPPLIED,UNMEASURED,NO_COMMON_MEASUREMENT,"Only one run supplied; individual observations retained, no cross-run comparison",,,,,,,,,
common,same,1,steady,B,cpu_rss,ALL_SUPPLIED,UNMEASURED,NO_COMMON_MEASUREMENT,"Only one run supplied; individual observations retained, no cross-run comparison",,,,,,,,,
common,same,1,steady,B,heap_gc,ALL_SUPPLIED,UNMEASURED,NO_COMMON_MEASUREMENT,"Only one run supplied; individual observations retained, no cross-run comparison",,,,,,,,,
common,same,1,steady,B,tick,ALL_SUPPLIED,UNMEASURED,NO_COMMON_MEASUREMENT,"Only one run supplied; individual observations retained, no cross-run comparison",,,,,,,,,
common,same,1,steady,C,cpu_rss,ALL_SUPPLIED,UNMEASURED,NO_COMMON_MEASUREMENT,"Only one run supplied; individual observations retained, no cross-run comparison",,,,,,,,,
common,same,1,steady,C,heap_gc,ALL_SUPPLIED,UNMEASURED,NO_COMMON_MEASUREMENT,"Only one run supplied; individual observations retained, no cross-run comparison",,,,,,,,,
common,same,1,steady,C,tick,ALL_SUPPLIED,UNMEASURED,NO_COMMON_MEASUREMENT,"Only one run supplied; individual observations retained, no cross-run comparison",,,,,,,,,
common,same,1,warmup,A,cpu_rss,ALL_SUPPLIED,UNMEASURED,NO_COMMON_MEASUREMENT,"Only one run supplied; individual observations retained, no cross-run comparison",,,,,,,,,
common,same,1,warmup,A,heap_gc,ALL_SUPPLIED,UNMEASURED,NO_COMMON_MEASUREMENT,"Only one run supplied; individual observations retained, no cross-run comparison",,,,,,,,,
common,same,1,warmup,A,tick,ALL_SUPPLIED,UNMEASURED,NO_COMMON_MEASUREMENT,"Only one run supplied; individual observations retained, no cross-run comparison",,,,,,,,,
common,same,1,warmup,B,cpu_rss,ALL_SUPPLIED,UNMEASURED,NO_COMMON_MEASUREMENT,"Only one run supplied; individual observations retained, no cross-run comparison",,,,,,,,,
common,same,1,warmup,B,heap_gc,ALL_SUPPLIED,UNMEASURED,NO_COMMON_MEASUREMENT,"Only one run supplied; individual observations retained, no cross-run comparison",,,,,,,,,
common,same,1,warmup,B,tick,ALL_SUPPLIED,UNMEASURED,NO_COMMON_MEASUREMENT,"Only one run supplied; individual observations retained, no cross-run comparison",,,,,,,,,
common,same,1,warmup,C,cpu_rss,ALL_SUPPLIED,UNMEASURED,NO_COMMON_MEASUREMENT,"Only one run supplied; individual observations retained, no cross-run comparison",,,,,,,,,
common,same,1,warmup,C,heap_gc,ALL_SUPPLIED,UNMEASURED,NO_COMMON_MEASUREMENT,"Only one run supplied; individual observations retained, no cross-run comparison",,,,,,,,,
common,same,1,warmup,C,tick,ALL_SUPPLIED,UNMEASURED,NO_COMMON_MEASUREMENT,"Only one run supplied; individual observations retained, no cross-run comparison",,,,,,,,,
common,same,2,low_flow,A,cpu_rss,ALL_SUPPLIED,UNMEASURED,NO_COMMON_MEASUREMENT,"Only one run supplied; individual observations retained, no cross-run comparison",,,,,,,,,
common,same,2,low_flow,A,heap_gc,ALL_SUPPLIED,UNMEASURED,NO_COMMON_MEASUREMENT,"Only one run supplied; individual observations retained, no cross-run comparison",,,,,,,,,
common,same,2,low_flow,A,tick,ALL_SUPPLIED,UNMEASURED,NO_COMMON_MEASUREMENT,"Only one run supplied; individual observations retained, no cross-run comparison",,,,,,,,,
common,same,2,low_flow,B,cpu_rss,ALL_SUPPLIED,UNMEASURED,NO_COMMON_MEASUREMENT,"Only one run supplied; individual observations retained, no cross-run comparison",,,,,,,,,
common,same,2,low_flow,B,heap_gc,ALL_SUPPLIED,UNMEASURED,NO_COMMON_MEASUREMENT,"Only one run supplied; individual observations retained, no cross-run comparison",,,,,,,,,
common,same,2,low_flow,B,tick,ALL_SUPPLIED,UNMEASURED,NO_COMMON_MEASUREMENT,"Only one run supplied; individual observations retained, no cross-run comparison",,,,,,,,,
common,same,2,low_flow,C,cpu_rss,ALL_SUPPLIED,UNMEASURED,NO_COMMON_MEASUREMENT,"Only one run supplied; individual observations retained, no cross-run comparison",,,,,,,,,
common,same,2,low_flow,C,heap_gc,ALL_SUPPLIED,UNMEASURED,NO_COMMON_MEASUREMENT,"Only one run supplied; individual observations retained, no cross-run comparison",,,,,,,,,
common,same,2,low_flow,C,tick,ALL_SUPPLIED,UNMEASURED,NO_COMMON_MEASUREMENT,"Only one run supplied; individual observations retained, no cross-run comparison",,,,,,,,,
common,same,2,steady,A,cpu_rss,ALL_SUPPLIED,UNMEASURED,NO_COMMON_MEASUREMENT,"Only one run supplied; individual observations retained, no cross-run comparison",,,,,,,,,
common,same,2,steady,A,heap_gc,ALL_SUPPLIED,UNMEASURED,NO_COMMON_MEASUREMENT,"Only one run supplied; individual observations retained, no cross-run comparison",,,,,,,,,
common,same,2,steady,A,tick,ALL_SUPPLIED,UNMEASURED,NO_COMMON_MEASUREMENT,"Only one run supplied; individual observations retained, no cross-run comparison",,,,,,,,,
common,same,2,steady,B,cpu_rss,ALL_SUPPLIED,UNMEASURED,NO_COMMON_MEASUREMENT,"Only one run supplied; individual observations retained, no cross-run comparison",,,,,,,,,
common,same,2,steady,B,heap_gc,ALL_SUPPLIED,UNMEASURED,NO_COMMON_MEASUREMENT,"Only one run supplied; individual observations retained, no cross-run comparison",,,,,,,,,
common,same,2,steady,B,tick,ALL_SUPPLIED,UNMEASURED,NO_COMMON_MEASUREMENT,"Only one run supplied; individual observations retained, no cross-run comparison",,,,,,,,,
common,same,2,steady,C,cpu_rss,ALL_SUPPLIED,UNMEASURED,NO_COMMON_MEASUREMENT,"Only one run supplied; individual observations retained, no cross-run comparison",,,,,,,,,
common,same,2,steady,C,heap_gc,ALL_SUPPLIED,UNMEASURED,NO_COMMON_MEASUREMENT,"Only one run supplied; individual observations retained, no cross-run comparison",,,,,,,,,
common,same,2,steady,C,tick,ALL_SUPPLIED,UNMEASURED,NO_COMMON_MEASUREMENT,"Only one run supplied; individual observations retained, no cross-run comparison",,,,,,,,,
common,same,2,warmup,A,cpu_rss,ALL_SUPPLIED,UNMEASURED,NO_COMMON_MEASUREMENT,"Only one run supplied; individual observations retained, no cross-run comparison",,,,,,,,,
common,same,2,warmup,A,heap_gc,ALL_SUPPLIED,UNMEASURED,NO_COMMON_MEASUREMENT,"Only one run supplied; individual observations retained, no cross-run comparison",,,,,,,,,
common,same,2,warmup,A,tick,ALL_SUPPLIED,UNMEASURED,NO_COMMON_MEASUREMENT,"Only one run supplied; individual observations retained, no cross-run comparison",,,,,,,,,
common,same,2,warmup,B,cpu_rss,ALL_SUPPLIED,UNMEASURED,NO_COMMON_MEASUREMENT,"Only one run supplied; individual observations retained, no cross-run comparison",,,,,,,,,
common,same,2,warmup,B,heap_gc,ALL_SUPPLIED,UNMEASURED,NO_COMMON_MEASUREMENT,"Only one run supplied; individual observations retained, no cross-run comparison",,,,,,,,,
common,same,2,warmup,B,tick,ALL_SUPPLIED,UNMEASURED,NO_COMMON_MEASUREMENT,"Only one run supplied; individual observations retained, no cross-run comparison",,,,,,,,,
common,same,2,warmup,C,cpu_rss,ALL_SUPPLIED,UNMEASURED,NO_COMMON_MEASUREMENT,"Only one run supplied; individual observations retained, no cross-run comparison",,,,,,,,,
common,same,2,warmup,C,heap_gc,ALL_SUPPLIED,UNMEASURED,NO_COMMON_MEASUREMENT,"Only one run supplied; individual observations retained, no cross-run comparison",,,,,,,,,
common,same,2,warmup,C,tick,ALL_SUPPLIED,UNMEASURED,NO_COMMON_MEASUREMENT,"Only one run supplied; individual observations retained, no cross-run comparison",,,,,,,,,
common,same,3,low_flow,A,cpu_rss,ALL_SUPPLIED,UNMEASURED,NO_COMMON_MEASUREMENT,"Only one run supplied; individual observations retained, no cross-run comparison",,,,,,,,,
common,same,3,low_flow,A,heap_gc,ALL_SUPPLIED,UNMEASURED,NO_COMMON_MEASUREMENT,"Only one run supplied; individual observations retained, no cross-run comparison",,,,,,,,,
common,same,3,low_flow,A,tick,ALL_SUPPLIED,UNMEASURED,NO_COMMON_MEASUREMENT,"Only one run supplied; individual observations retained, no cross-run comparison",,,,,,,,,
common,same,3,low_flow,B,cpu_rss,ALL_SUPPLIED,UNMEASURED,NO_COMMON_MEASUREMENT,"Only one run supplied; individual observations retained, no cross-run comparison",,,,,,,,,
common,same,3,low_flow,B,heap_gc,ALL_SUPPLIED,UNMEASURED,NO_COMMON_MEASUREMENT,"Only one run supplied; individual observations retained, no cross-run comparison",,,,,,,,,
common,same,3,low_flow,B,tick,ALL_SUPPLIED,UNMEASURED,NO_COMMON_MEASUREMENT,"Only one run supplied; individual observations retained, no cross-run comparison",,,,,,,,,
common,same,3,low_flow,C,cpu_rss,ALL_SUPPLIED,UNMEASURED,NO_COMMON_MEASUREMENT,"Only one run supplied; individual observations retained, no cross-run comparison",,,,,,,,,
common,same,3,low_flow,C,heap_gc,ALL_SUPPLIED,UNMEASURED,NO_COMMON_MEASUREMENT,"Only one run supplied; individual observations retained, no cross-run comparison",,,,,,,,,
common,same,3,low_flow,C,tick,ALL_SUPPLIED,UNMEASURED,NO_COMMON_MEASUREMENT,"Only one run supplied; individual observations retained, no cross-run comparison",,,,,,,,,
common,same,3,steady,A,cpu_rss,ALL_SUPPLIED,UNMEASURED,NO_COMMON_MEASUREMENT,"Only one run supplied; individual observations retained, no cross-run comparison",,,,,,,,,
common,same,3,steady,A,heap_gc,ALL_SUPPLIED,UNMEASURED,NO_COMMON_MEASUREMENT,"Only one run supplied; individual observations retained, no cross-run comparison",,,,,,,,,
common,same,3,steady,A,tick,ALL_SUPPLIED,UNMEASURED,NO_COMMON_MEASUREMENT,"Only one run supplied; individual observations retained, no cross-run comparison",,,,,,,,,
common,same,3,steady,B,cpu_rss,ALL_SUPPLIED,UNMEASURED,NO_COMMON_MEASUREMENT,"Only one run supplied; individual observations retained, no cross-run comparison",,,,,,,,,
common,same,3,steady,B,heap_gc,ALL_SUPPLIED,UNMEASURED,NO_COMMON_MEASUREMENT,"Only one run supplied; individual observations retained, no cross-run comparison",,,,,,,,,
common,same,3,steady,B,tick,ALL_SUPPLIED,UNMEASURED,NO_COMMON_MEASUREMENT,"Only one run supplied; individual observations retained, no cross-run comparison",,,,,,,,,
common,same,3,steady,C,cpu_rss,ALL_SUPPLIED,UNMEASURED,NO_COMMON_MEASUREMENT,"Only one run supplied; individual observations retained, no cross-run comparison",,,,,,,,,
common,same,3,steady,C,heap_gc,ALL_SUPPLIED,UNMEASURED,NO_COMMON_MEASUREMENT,"Only one run supplied; individual observations retained, no cross-run comparison",,,,,,,,,
common,same,3,steady,C,tick,ALL_SUPPLIED,UNMEASURED,NO_COMMON_MEASUREMENT,"Only one run supplied; individual observations retained, no cross-run comparison",,,,,,,,,
common,same,3,warmup,A,cpu_rss,ALL_SUPPLIED,UNMEASURED,NO_COMMON_MEASUREMENT,"Only one run supplied; individual observations retained, no cross-run comparison",,,,,,,,,
common,same,3,warmup,A,heap_gc,ALL_SUPPLIED,UNMEASURED,NO_COMMON_MEASUREMENT,"Only one run supplied; individual observations retained, no cross-run comparison",,,,,,,,,
common,same,3,warmup,A,tick,ALL_SUPPLIED,UNMEASURED,NO_COMMON_MEASUREMENT,"Only one run supplied; individual observations retained, no cross-run comparison",,,,,,,,,
common,same,3,warmup,B,cpu_rss,ALL_SUPPLIED,UNMEASURED,NO_COMMON_MEASUREMENT,"Only one run supplied; individual observations retained, no cross-run comparison",,,,,,,,,
common,same,3,warmup,B,heap_gc,ALL_SUPPLIED,UNMEASURED,NO_COMMON_MEASUREMENT,"Only one run supplied; individual observations retained, no cross-run comparison",,,,,,,,,
common,same,3,warmup,B,tick,ALL_SUPPLIED,UNMEASURED,NO_COMMON_MEASUREMENT,"Only one run supplied; individual observations retained, no cross-run comparison",,,,,,,,,
common,same,3,warmup,C,cpu_rss,ALL_SUPPLIED,UNMEASURED,NO_COMMON_MEASUREMENT,"Only one run supplied; individual observations retained, no cross-run comparison",,,,,,,,,
common,same,3,warmup,C,heap_gc,ALL_SUPPLIED,UNMEASURED,NO_COMMON_MEASUREMENT,"Only one run supplied; individual observations retained, no cross-run comparison",,,,,,,,,
common,same,3,warmup,C,tick,ALL_SUPPLIED,UNMEASURED,NO_COMMON_MEASUREMENT,"Only one run supplied; individual observations retained, no cross-run comparison",,,,,,,,,
