scope,run,count,active_requested,label,samples,seconds,DBtransactions_delta,DBtransactions_per_second,accepted_FE,extracted_FE,errors,active_first,active_final,active_min,active_max,worker_tasks_delta,wal_writes_delta,wal_bytes_delta,CPU_process_percent,heap_used_sample_mean_MiB,observed_snapshot_checks_passed,first_status_request_utc,last_status_reply_utc,source_path,source_sha256
nominal_business_window,baseline,100,False,,,120.00010084899986,,,0,0,0,,0,,,,,,,,True,,,reports/performance-opt-baseline-87bf217.json,b193f402468642352b7b07c7e70f992950089805be5d63035b1e7b6b95f42bb3
nominal_business_window,baseline,100,True,,,120.00010823299999,,,19200000,19125000,0,,100,,,,,,,,True,,,reports/performance-opt-baseline-87bf217.json,b193f402468642352b7b07c7e70f992950089805be5d63035b1e7b6b95f42bb3
nominal_business_window,baseline,500,False,,,120.00010693700006,,,0,0,0,,0,,,,,,,,True,,,reports/performance-opt-baseline-87bf217.json,b193f402468642352b7b07c7e70f992950089805be5d63035b1e7b6b95f42bb3
nominal_business_window,baseline,500,True,,,120.00023458400028,,,19200000,18505000,0,,500,,,,,,,,True,,,reports/performance-opt-baseline-87bf217.json,b193f402468642352b7b07c7e70f992950089805be5d63035b1e7b6b95f42bb3
nominal_business_window,baseline,1000,False,,,120.00014954499966,,,0,0,0,,0,,,,,,,,True,,,reports/performance-opt-baseline-87bf217.json,b193f402468642352b7b07c7e70f992950089805be5d63035b1e7b6b95f42bb3
nominal_business_window,baseline,1000,True,,,120.00007771699984,,,19200000,18664000,0,,1000,,,,,,,,True,,,reports/performance-opt-baseline-87bf217.json,b193f402468642352b7b07c7e70f992950089805be5d63035b1e7b6b95f42bb3
nominal_business_window,e405_as_run,100,False,,,120.0001246210013,182,1.5166650915973137,0,0,0,0,0,,,0,0,0,,,True,,,reports/performance-opt-fast-e4057a5-as-run.json,71b25faecb652eb7e6b0cafb2467f7459f9e4dfe86c46fd57117382956af8fda
nominal_business_window,e405_as_run,100,True,,,120.00011480600006,5524,46.033289292518226,19208000,19300000,0,100,100,,,2266,9885,1539301,,,True,,,reports/performance-opt-fast-e4057a5-as-run.json,71b25faecb652eb7e6b0cafb2467f7459f9e4dfe86c46fd57117382956af8fda
nominal_business_window,e405_as_run,500,False,,,120.00009122299889,1609,13.408323140437941,0,0,0,0,0,,,1368,0,0,,,True,,,reports/performance-opt-fast-e4057a5-as-run.json,71b25faecb652eb7e6b0cafb2467f7459f9e4dfe86c46fd57117382956af8fda
nominal_business_window,e405_as_run,500,True,,,120.00009508999938,6819,56.82495497095889,19022000,18347000,50,500,500,,,3367,14363,2159491,,,False,,,reports/performance-opt-fast-e4057a5-as-run.json,71b25faecb652eb7e6b0cafb2467f7459f9e4dfe86c46fd57117382956af8fda
nominal_business_window,e405_as_run,1000,False,,,120.000120632998,3293,27.441639080273397,0,0,0,0,0,,,2931,0,0,,,True,,,reports/performance-opt-fast-e4057a5-as-run.json,71b25faecb652eb7e6b0cafb2467f7459f9e4dfe86c46fd57117382956af8fda
nominal_business_window,e405_as_run,1000,True,,,120.00008700499893,8519,70.9916151947883,18386000,18176000,496,992,984,,,4815,22614,3612502,,,False,,,reports/performance-opt-fast-e4057a5-as-run.json,71b25faecb652eb7e6b0cafb2467f7459f9e4dfe86c46fd57117382956af8fda
observed_counter_subwindow,baseline_monitor,500,,baseline_500_active_late_tail,24,45.99553737600036,26217,569.9900793784303,7360000,6959000,0,500,500,500,500,8588,,,55.54345040220705,328.5647844314575,,2026-10-06T10:00:21.189569+00:00,2026-10-06T10:01:07.193350+00:00,reports/optimization-scale-baseline-scale-late-20261006T100021Z-09d5b0.json,3de61e00bf9780647ff77c5fe62cb89b2c3c5ba428650a29add822c6d6d21438
observed_counter_subwindow,baseline_monitor,1000,,baseline_1000_off_post_reset,60,118.00020071000017,862,7.305072320329944,0,0,0,0,0,0,0,0,,,10.966102219987036,349.5967410694469,,2026-10-06T10:01:27.189856+00:00,2026-10-06T10:03:25.192562+00:00,reports/optimization-scale-baseline-scale-late-20261006T100021Z-09d5b0.json,3de61e00bf9780647ff77c5fe62cb89b2c3c5ba428650a29add822c6d6d21438
observed_counter_subwindow,baseline_monitor,1000,,baseline_1000_active_post_reset,60,117.99889229400014,75994,644.0229948147067,18880000,18461000,0,1000,1000,1000,1000,24756,,,56.11868059725297,353.69920883178713,,2026-10-06T10:03:31.189909+00:00,2026-10-06T10:05:29.191859+00:00,reports/optimization-scale-baseline-scale-late-20261006T100021Z-09d5b0.json,3de61e00bf9780647ff77c5fe62cb89b2c3c5ba428650a29add822c6d6d21438
observed_counter_subwindow,baseline_monitor,1000,,baseline_1000_off_cleanup_excluded,52,101.99764821400004,1422,13.9414979158786,0,0,0,0,0,0,0,441,,,8.86274492799612,372.2551971011692,,2026-10-06T10:05:31.189869+00:00,2026-10-06T10:07:13.192304+00:00,reports/optimization-scale-baseline-scale-late-20261006T100021Z-09d5b0.json,3de61e00bf9780647ff77c5fe62cb89b2c3c5ba428650a29add822c6d6d21438
observed_counter_subwindow,e405_monitor,100,,e405_100_off_partial_head,57,112.00046454400217,169,1.5089223128499092,0,0,0,0,0,0,0,0,0,0,12.187487468215723,344.8636363636364,,2026-10-06T13:15:39.108432+00:00,2026-10-06T13:17:31.111345+00:00,reports/optimization-scale-fast-scale-ready-e4057a5-20261006T131539Z-49626b.json,e1d937b50e613dd0683115cea35a59522a687bf9d5266d857fd1bb9caf045660
observed_counter_subwindow,e405_monitor,100,,e405_100_active_post_reset,60,118.00031498799945,5425,45.974453547447894,18880000,18956000,0,100,100,100,100,2226,9704,1512544,28.508477316225473,388.21186475753785,,2026-10-06T13:17:37.108766+00:00,2026-10-06T13:19:35.110993+00:00,reports/optimization-scale-fast-scale-ready-e4057a5-20261006T131539Z-49626b.json,e1d937b50e613dd0683115cea35a59522a687bf9d5266d857fd1bb9caf045660
observed_counter_subwindow,e405_monitor,500,,e405_500_off_post_reset_residual,60,117.99956428799851,1579,13.381405342702582,0,0,0,0,0,0,0,1342,0,0,12.822027592692676,408.8047355651855,,2026-10-06T13:19:49.109084+00:00,2026-10-06T13:21:47.111589+00:00,reports/optimization-scale-fast-scale-ready-e4057a5-20261006T131539Z-49626b.json,e1d937b50e613dd0683115cea35a59522a687bf9d5266d857fd1bb9caf045660
observed_counter_subwindow,e405_monitor,500,,e405_500_active_post_reset_failed,60,118.0005627410028,6735,57.07599899148383,18702000,18123000,50,500,500,476,500,3327,14169,2131401,30.983070686337882,387.9351736415516,,2026-10-06T13:21:55.108780+00:00,2026-10-06T13:23:53.111530+00:00,reports/optimization-scale-fast-scale-ready-e4057a5-20261006T131539Z-49626b.json,e1d937b50e613dd0683115cea35a59522a687bf9d5266d857fd1bb9caf045660
observed_counter_subwindow,e405_monitor,1000,,e405_1000_off_post_reset_residual,60,117.99968496599831,3247,27.51702261693008,0,0,0,0,0,0,0,2891,0,0,14.296612409576568,404.7369583303278,,2026-10-06T13:24:13.108717+00:00,2026-10-06T13:26:11.111350+00:00,reports/optimization-scale-fast-scale-ready-e4057a5-20261006T131539Z-49626b.json,e1d937b50e613dd0683115cea35a59522a687bf9d5266d857fd1bb9caf045660
observed_counter_subwindow,e405_monitor,1000,,e405_1000_active_post_reset_failed,60,117.99765804799972,8375,70.97598493516857,18086000,17938000,482,960,976,912,992,4736,22177,3541041,39.66135959540225,382.1637104988098,,2026-10-06T13:26:17.109749+00:00,2026-10-06T13:28:15.111531+00:00,reports/optimization-scale-fast-scale-ready-e4057a5-20261006T131539Z-49626b.json,e1d937b50e613dd0683115cea35a59522a687bf9d5266d857fd1bb9caf045660
observed_counter_subwindow,e405_monitor,1000,,e405_1000_off_cleanup_excluded,21,39.99947747099941,1664,41.60054343725966,0,0,0,0,0,0,0,1544,306,58482,15.700000390929446,412.1347001393636,,2026-10-06T13:28:17.108746+00:00,2026-10-06T13:28:57.111545+00:00,reports/optimization-scale-fast-scale-ready-e4057a5-20261006T131539Z-49626b.json,e1d937b50e613dd0683115cea35a59522a687bf9d5266d857fd1bb9caf045660
observed_counter_subwindow,e405_monitor,500,,e405_500_active_matching_late_24_sample_tail,24,45.999547745999735,2676,58.17448499225111,7282000,7233000,20,492,500,484,500,1323,5568,837248,29.673913821451457,383.1999263763428,,2026-10-06T13:23:07.108763+00:00,2026-10-06T13:23:53.111530+00:00,reports/optimization-scale-fast-scale-ready-e4057a5-20261006T131539Z-49626b.json,e1d937b50e613dd0683115cea35a59522a687bf9d5266d857fd1bb9caf045660
