cohort,source_report,source_sha256,scenario,repeat,probe,passed,actual_items_by_endpoint_json,actual_items_by_server_json,frame_count,guard_indices,guard_quiet_min_seconds,two_probe_counter_capture_seconds,two_probe_DBtransactions,two_probe_SQL_statement_events,counter_scope,original_missing_WAL_stays_unmeasured,input_to_source_lower_ms,input_to_source_upper_ms,source_to_first_lower_ms,source_to_first_upper_ms,source_to_full_lower_ms,source_to_full_upper_ms,input_to_full_lower_ms,input_to_full_upper_ms,item_replace_interval_start_seconds,item_replace_interval_end_seconds,source_decrease_interval_start_seconds,source_decrease_interval_end_seconds,destination_first_interval_start_seconds,destination_first_interval_end_seconds,destination_full32_interval_start_seconds,destination_full32_interval_end_seconds,two_probe_db_transactions,two_probe_db_deadlock_retries,two_probe_transactions,two_probe_errors,two_probe_queue_rejected,two_probe_quarantined,two_probe_db_transaction_attempts,two_probe_db_statements,two_probe_deferred_registry_decodes,two_probe_dropped_wake_hints,two_probe_local_exchange_calls,two_probe_local_input_units,two_probe_local_output_units,two_probe_batch_devices,two_probe_batch_records,two_probe_batch_payload_bytes,two_probe_local_wakes,two_probe_remote_hint_wakes,two_probe_poll_fallback,two_probe_empty_batches,two_probe_allocation_misses,two_probe_local_credit_publications,two_probe_wal_writes,two_probe_wal_bytes,two_probe_wal_identical_skipped
original87,/workspace/reports/optimization-container-container-original2-87bf217-20261006T141818Z-8488a9.json,212c6dc79e00989e48ae43e8d7b475d8fcbba780fc099ef91ea1f25dc2ce600a,same,1,1,True,"{""same_sink_0"": 32}","{""A"": 32}",3154,"[0, 1, 2]",2.323996179999085,665.7736603220001,5912,41290,After layout activation through both physical probes and their successful drain/clear guards; includes scanner waiting and ambient/control work. Final cleanup and modeOFF occur later. No fixed240-input/120s steady or transfer-only cost attribution.,True,326629.24275299883,326740.4402489992,843.2728530024178,1057.2147550010413,843.2728530024178,1057.2147550010413,327578.4564429996,327691.7141670019,16.257059006999043,16.262315666001086,342.8915584189999,342.99749925599826,343.8407721090007,343.94877317400096,343.8407721090007,343.94877317400096,5912,0,405,0,0,0,,,,,,,,,,,,,,,,,,,
original87,/workspace/reports/optimization-container-container-original2-87bf217-20261006T141818Z-8488a9.json,212c6dc79e00989e48ae43e8d7b475d8fcbba780fc099ef91ea1f25dc2ce600a,same,1,2,True,"{""same_sink_0"": 32}","{""A"": 32}",2967,"[3, 4, 5]",2.349357685998257,665.7736603220001,5912,41290,After layout activation through both physical probes and their successful drain/clear guards; includes scanner waiting and ambient/control work. Final cleanup and modeOFF occur later. No fixed240-input/120s steady or transfer-only cost attribution.,True,315810.9294019996,315922.34476600063,2196.5907359990524,2416.0101970010146,2196.5907359990524,2416.0101970010146,318117.6586549991,318228.2164460012,353.75621574899924,353.7574925959998,669.5684219979994,669.6785605149998,671.8751512509989,671.9844321950004,671.8751512509989,671.9844321950004,5912,0,405,0,0,0,,,,,,,,,,,,,,,,,,,
original87,/workspace/reports/optimization-container-container-original2-87bf217-20261006T141818Z-8488a9.json,212c6dc79e00989e48ae43e8d7b475d8fcbba780fc099ef91ea1f25dc2ce600a,cross,1,1,True,"{""cross_sink_0"": 32}","{""B"": 32}",112,"[6, 7, 8]",2.3688882809983625,344.89682114400057,3091,21627,After layout activation through both physical probes and their successful drain/clear guards; includes scanner waiting and ambient/control work. Final cleanup and modeOFF occur later. No fixed240-input/120s steady or transfer-only cost attribution.,True,6772.892245000548,6884.666464000475,5167.5162029969215,5389.429143997404,5167.5162029969215,5389.429143997404,12050.858308997704,12163.645746997645,682.1351958390005,682.1365201970002,688.9094124420008,689.019862303001,694.1873785059979,694.2988415859982,694.1873785059979,694.2988415859982,3091,0,214,0,0,0,,,,,,,,,,,,,,,,,,,
original87,/workspace/reports/optimization-container-container-original2-87bf217-20261006T141818Z-8488a9.json,212c6dc79e00989e48ae43e8d7b475d8fcbba780fc099ef91ea1f25dc2ce600a,cross,1,2,True,"{""cross_sink_0"": 32}","{""B"": 32}",2835,"[9, 10, 11]",2.3477823990033357,344.89682114400057,3091,21627,After layout activation through both physical probes and their successful drain/clear guards; includes scanner waiting and ambient/control work. Final cleanup and modeOFF occur later. No fixed240-input/120s steady or transfer-only cost attribution.,True,311061.902747002,311174.299145001,1332.7494930017565,1555.4566489990975,1332.7494930017565,1555.4566489990975,312506.0684670025,312618.3395670014,704.3226830809981,704.3236632519984,1015.3855659990004,1015.4969822259991,1016.8297317190008,1016.9410226479995,1016.8297317190008,1016.9410226479995,3091,0,214,0,0,0,,,,,,,,,,,,,,,,,,,
original87,/workspace/reports/optimization-container-container-original2-87bf217-20261006T141818Z-8488a9.json,212c6dc79e00989e48ae43e8d7b475d8fcbba780fc099ef91ea1f25dc2ce600a,mixed,1,1,True,"{""mixed_sink_0"": 0, ""mixed_sink_1"": 32}","{""A"": 0, ""B"": 32}",117,"[12, 13, 14]",2.3539720170010696,345.357060129998,3710,27595,After layout activation through both physical probes and their successful drain/clear guards; includes scanner waiting and ambient/control work. Final cleanup and modeOFF occur later. No fixed240-input/120s steady or transfer-only cost attribution.,True,6179.455643999972,6295.208466999611,6863.2422470000165,7096.270180998545,6863.2422470000165,7096.270180998545,13157.224703998509,13276.951834999636,1027.2266826359992,1027.2279086460003,1033.4073642900003,1033.5218911029988,1040.3851333499988,1040.5036344709988,1040.3851333499988,1040.5036344709988,3710,0,421,0,0,0,,,,,,,,,,,,,,,,,,,
original87,/workspace/reports/optimization-container-container-original2-87bf217-20261006T141818Z-8488a9.json,212c6dc79e00989e48ae43e8d7b475d8fcbba780fc099ef91ea1f25dc2ce600a,mixed,1,2,True,"{""mixed_sink_1"": 0, ""mixed_sink_0"": 32}","{""A"": 32, ""B"": 0}",2589,"[15, 16, 17]",2.4291238880032324,345.357060129998,3710,27595,After layout activation through both physical probes and their successful drain/clear guards; includes scanner waiting and ambient/control work. Final cleanup and modeOFF occur later. No fixed240-input/120s steady or transfer-only cost attribution.,True,309271.4943780011,309393.09529499954,1695.4290239991678,1942.0048030006,1695.4290239991678,1942.0048030006,311087.2829660002,311214.74053400016,1050.6156596309993,1050.6169009839978,1359.8883953619988,1360.0087549259988,1361.704183949998,1361.8304001649994,1361.704183949998,1361.8304001649994,3710,0,421,0,0,0,,,,,,,,,,,,,,,,,,,
current753,/workspace/reports/optimization-container-container-current-75392af-20261006T154928Z-38ab4f.json,d465e1ac20a4c623bc40f1fc6b8fd47bfe8102b1c3441605608d6bcb2e084eb4,same,1,1,True,"{""same_sink_0"": 32}","{""A"": 32}",38,"[0, 1, 2]",2.315443977000541,29.655926217998058,153,1431,After layout activation through both physical probes and their successful drain/clear guards; includes scanner waiting and ambient/control work. Final cleanup and modeOFF occur later. No fixed240-input/120s steady or transfer-only cost attribution.,False,3408.966169998166,3519.2784709979605,212.0304380005109,422.1609640007955,212.0304380005109,422.1609640007955,3725.980390998302,3836.455651999131,16.022119245000795,16.027447763000964,19.43641393299913,19.541397715998755,19.753428153999266,19.858574896999926,19.753428153999266,19.858574896999926,153,0,26,0,0,0,153,864,0,0,4,64,64,26,29,180,6,2,106,72,22,2,11,1997,0
current753,/workspace/reports/optimization-container-container-current-75392af-20261006T154928Z-38ab4f.json,d465e1ac20a4c623bc40f1fc6b8fd47bfe8102b1c3441605608d6bcb2e084eb4,same,1,2,True,"{""same_sink_0"": 32}","{""A"": 32}",65,"[3, 4, 5]",2.3532957909992547,29.655926217998058,153,1431,After layout activation through both physical probes and their successful drain/clear guards; includes scanner waiting and ambient/control work. Final cleanup and modeOFF occur later. No fixed240-input/120s steady or transfer-only cost attribution.,False,6307.294656999147,6414.02917600135,102.96366200054763,312.09583199961344,102.96366200054763,312.09583199961344,6515.723432999948,6620.65989400071,29.38631969999915,29.387589105001098,35.694883762000245,35.8003488760005,35.903312538001046,36.00697959399986,35.903312538001046,36.00697959399986,153,0,26,0,0,0,153,864,0,0,4,64,64,26,29,180,6,2,106,72,22,2,11,1997,0
current753,/workspace/reports/optimization-container-container-current-75392af-20261006T154928Z-38ab4f.json,d465e1ac20a4c623bc40f1fc6b8fd47bfe8102b1c3441605608d6bcb2e084eb4,cross,1,1,True,"{""cross_sink_0"": 32}","{""B"": 32}",40,"[6, 7, 8]",2.3420261460014444,29.87605044799784,167,1558,After layout activation through both physical probes and their successful drain/clear guards; includes scanner waiting and ambient/control work. Final cleanup and modeOFF occur later. No fixed240-input/120s steady or transfer-only cost attribution.,False,3642.405205002433,3750.761979001254,209.5933239979786,420.3691010006878,209.5933239979786,420.3691010006878,3956.932074001088,4066.1975350012654,45.784188809000625,45.78761203799877,49.4300172430012,49.53495078800188,49.74454411199986,49.85038634400189,49.74454411199986,49.85038634400189,167,0,30,0,0,0,167,944,0,0,4,64,64,26,30,216,6,6,106,76,22,2,12,2220,0
current753,/workspace/reports/optimization-container-container-current-75392af-20261006T154928Z-38ab4f.json,d465e1ac20a4c623bc40f1fc6b8fd47bfe8102b1c3441605608d6bcb2e084eb4,cross,1,2,True,"{""cross_sink_0"": 32}","{""B"": 32}",64,"[9, 10, 11]",2.3306940809998196,29.87605044799784,167,1558,After layout activation through both physical probes and their successful drain/clear guards; includes scanner waiting and ambient/control work. Final cleanup and modeOFF occur later. No fixed240-input/120s steady or transfer-only cost attribution.,False,6124.288716997398,6230.666613999347,208.5189060017001,418.66518500319216,208.5189060017001,418.66518500319216,6438.183886999468,6543.955535002169,59.47168366400001,59.47268529700159,65.59697401399899,65.70235027799936,65.91086918400106,66.01563919900218,65.91086918400106,66.01563919900218,167,0,30,0,0,0,167,944,0,0,4,64,64,26,30,216,6,6,106,76,22,2,12,2220,0
current753,/workspace/reports/optimization-container-container-current-75392af-20261006T154928Z-38ab4f.json,d465e1ac20a4c623bc40f1fc6b8fd47bfe8102b1c3441605608d6bcb2e084eb4,mixed,1,1,True,"{""mixed_sink_0"": 32, ""mixed_sink_1"": 0}","{""A"": 32, ""B"": 0}",37,"[12, 13, 14]",2.344277559997863,29.87616297799832,179,1844,After layout activation through both physical probes and their successful drain/clear guards; includes scanner waiting and ambient/control work. Final cleanup and modeOFF occur later. No fixed240-input/120s steady or transfer-only cost attribution.,False,3548.5782149989973,3654.9279629980447,0.330165999912424,210.7900749979308,0.330165999912424,210.7900749979308,3653.878287997941,3760.7481309969444,75.75812914000198,75.759508981002,79.308087196001,79.41305710300003,79.41338726899994,79.51887727099893,79.41338726899994,79.51887727099893,179,0,48,0,0,0,179,1115,0,0,4,64,64,47,50,180,6,5,111,72,43,2,11,1997,0
current753,/workspace/reports/optimization-container-container-current-75392af-20261006T154928Z-38ab4f.json,d465e1ac20a4c623bc40f1fc6b8fd47bfe8102b1c3441605608d6bcb2e084eb4,mixed,1,2,True,"{""mixed_sink_0"": 0, ""mixed_sink_1"": 32}","{""A"": 0, ""B"": 32}",64,"[15, 16, 17]",2.3617542079991836,29.87616297799832,179,1844,After layout activation through both physical probes and their successful drain/clear guards; includes scanner waiting and ambient/control work. Final cleanup and modeOFF occur later. No fixed240-input/120s steady or transfer-only cost attribution.,False,6189.639524000086,6295.959125996887,211.8862880015513,424.3356560000393,211.8862880015513,424.3356560000393,6507.015317998594,6614.80527599997,89.30425745500179,89.30508755100163,95.49472707500172,95.60021658099868,95.81210286900023,95.91906273100176,95.81210286900023,95.91906273100176,179,0,48,0,0,0,179,1115,0,0,4,64,64,47,50,180,6,5,111,72,43,2,11,1997,0
