record_type,run,source_revision,count,active,seconds,DB_transactions,DB_transactions_per_second,accepted_FE,extracted_FE,output_FE_per_second,errors,queue_rejections,quarantines,worker_tasks,wal_writes,wal_bytes,tick_p95_ms,tick_p99_ms,source,source_sha256,label,samples,active_first,active_final,active_min,active_max,round_first,round_last,first_utc,last_utc,reference,current,active_requested,metric,reference_ms,current_ms,change_percent,scope,reference_window,candidate_window,reference_rate,candidate_rate,arithmetic_change_percent,frozen_idle_goal_within_observed_scope
nominal_business_window,original_87,87bf217fcaffcceb2629c36bb54d5158b9f461e8,100,False,120.00010084899986,,,0,0,0.0,0,0,,,,,0.182945,0.285709,reports/performance-opt-baseline-87bf217.json,b193f402468642352b7b07c7e70f992950089805be5d63035b1e7b6b95f42bb3,,,,,,,,,,,,,,,,,,,,,,,,
nominal_business_window,original_87,87bf217fcaffcceb2629c36bb54d5158b9f461e8,100,True,120.00010823299999,,,19200000,19125000,159374.85625317655,0,0,,,,,0.367662,0.813862,reports/performance-opt-baseline-87bf217.json,b193f402468642352b7b07c7e70f992950089805be5d63035b1e7b6b95f42bb3,,,,,,,,,,,,,,,,,,,,,,,,
nominal_business_window,original_87,87bf217fcaffcceb2629c36bb54d5158b9f461e8,500,False,120.00010693700006,,,0,0,0.0,0,0,,,,,0.265308,0.555844,reports/performance-opt-baseline-87bf217.json,b193f402468642352b7b07c7e70f992950089805be5d63035b1e7b6b95f42bb3,,,,,,,,,,,,,,,,,,,,,,,,
nominal_business_window,original_87,87bf217fcaffcceb2629c36bb54d5158b9f461e8,500,True,120.00023458400028,,,19200000,18505000,154208.0318771917,0,0,,,,,0.46723,0.826755,reports/performance-opt-baseline-87bf217.json,b193f402468642352b7b07c7e70f992950089805be5d63035b1e7b6b95f42bb3,,,,,,,,,,,,,,,,,,,,,,,,
nominal_business_window,original_87,87bf217fcaffcceb2629c36bb54d5158b9f461e8,1000,False,120.00014954499966,,,0,0,0.0,0,0,,,,,0.394041,0.802695,reports/performance-opt-baseline-87bf217.json,b193f402468642352b7b07c7e70f992950089805be5d63035b1e7b6b95f42bb3,,,,,,,,,,,,,,,,,,,,,,,,
nominal_business_window,original_87,87bf217fcaffcceb2629c36bb54d5158b9f461e8,1000,True,120.00007771699984,,,19200000,18664000,155533.23260353156,0,0,,,,,0.576145,1.117527,reports/performance-opt-baseline-87bf217.json,b193f402468642352b7b07c7e70f992950089805be5d63035b1e7b6b95f42bb3,,,,,,,,,,,,,,,,,,,,,,,,
nominal_business_window,reference_753,75392af252744f240253d134d1da565a49b2cc9f,100,False,120.00011761600035,182,1.5166651801325637,0,0,0.0,0,0,0,0,0,0,0.2796,0.436686,reports/performance-opt-fast-75392af.json,5420bae7174e42724b566d7668d9c2f5701a7c83811ce944ee477eb3e46be8f2,,,,,,,,,,,,,,,,,,,,,,,,
nominal_business_window,reference_753,75392af252744f240253d134d1da565a49b2cc9f,100,True,120.00008614500257,5512,45.93330035896435,19200000,19309000,160908.21782134302,0,0,0,2257,9808,1545888,0.717687,1.131528,reports/performance-opt-fast-75392af.json,5420bae7174e42724b566d7668d9c2f5701a7c83811ce944ee477eb3e46be8f2,,,,,,,,,,,,,,,,,,,,,,,,
nominal_business_window,reference_753,75392af252744f240253d134d1da565a49b2cc9f,500,False,120.00008747600077,241,2.008331869326332,0,0,0.0,0,0,0,0,0,0,0.315714,0.462414,reports/performance-opt-fast-75392af.json,5420bae7174e42724b566d7668d9c2f5701a7c83811ce944ee477eb3e46be8f2,,,,,,,,,,,,,,,,,,,,,,,,
nominal_business_window,reference_753,75392af252744f240253d134d1da565a49b2cc9f,500,True,120.00009880899961,7517,62.64161508703899,19200000,18642000,155349.87208362125,0,0,0,4020,17618,2618186,1.590095,2.401132,reports/performance-opt-fast-75392af.json,5420bae7174e42724b566d7668d9c2f5701a7c83811ce944ee477eb3e46be8f2,,,,,,,,,,,,,,,,,,,,,,,,
nominal_business_window,reference_753,75392af252744f240253d134d1da565a49b2cc9f,1000,False,120.00010537100025,362,3.0166640177591253,0,0,0.0,0,0,0,0,0,0,0.415063,0.791077,reports/performance-opt-fast-75392af.json,5420bae7174e42724b566d7668d9c2f5701a7c83811ce944ee477eb3e46be8f2,,,,,,,,,,,,,,,,,,,,,,,,
nominal_business_window,reference_753,75392af252744f240253d134d1da565a49b2cc9f,1000,True,120.00009536600191,9662,80.5166026787793,19200000,19070000,158916.5403730409,0,0,0,5916,24889,3679713,2.668976,4.510519,reports/performance-opt-fast-75392af.json,5420bae7174e42724b566d7668d9c2f5701a7c83811ce944ee477eb3e46be8f2,,,,,,,,,,,,,,,,,,,,,,,,
nominal_business_window,current_9258,9258a6ade8c94e863a450a3f5eec95dff9c9ee2b,100,False,120.0001201940031,181,1.508331822563002,0,0,0.0,0,0,0,0,0,0,0.289885,0.442094,reports/performance-opt-fast-9258a6a.json,c36a50e91150f67d268f3efb7e0275045657ed033604b2f3052a1e53d7c50a30,,,,,,,,,,,,,,,,,,,,,,,,
nominal_business_window,current_9258,9258a6ade8c94e863a450a3f5eec95dff9c9ee2b,100,True,120.00009991999832,5596,46.633294503344096,19208000,19248000,160399.86644038014,0,0,0,2307,9968,1544312,0.56642,0.942725,reports/performance-opt-fast-9258a6a.json,c36a50e91150f67d268f3efb7e0275045657ed033604b2f3052a1e53d7c50a30,,,,,,,,,,,,,,,,,,,,,,,,
nominal_business_window,current_9258,9258a6ade8c94e863a450a3f5eec95dff9c9ee2b,500,False,120.00010946299881,242,2.016664827081837,0,0,0.0,0,0,0,0,0,0,0.274863,0.456295,reports/performance-opt-fast-9258a6a.json,c36a50e91150f67d268f3efb7e0275045657ed033604b2f3052a1e53d7c50a30,,,,,,,,,,,,,,,,,,,,,,,,
nominal_business_window,current_9258,9258a6ade8c94e863a450a3f5eec95dff9c9ee2b,500,True,120.00009989600221,7422,61.84994851197839,19200000,18884000,157366.5356642684,0,0,0,3887,16677,2478573,1.022004,1.54584,reports/performance-opt-fast-9258a6a.json,c36a50e91150f67d268f3efb7e0275045657ed033604b2f3052a1e53d7c50a30,,,,,,,,,,,,,,,,,,,,,,,,
nominal_business_window,current_9258,9258a6ade8c94e863a450a3f5eec95dff9c9ee2b,1000,False,120.00014833499881,362,3.016662937694223,0,0,0.0,0,0,0,0,0,0,0.345919,0.684307,reports/performance-opt-fast-9258a6a.json,c36a50e91150f67d268f3efb7e0275045657ed033604b2f3052a1e53d7c50a30,,,,,,,,,,,,,,,,,,,,,,,,
nominal_business_window,current_9258,9258a6ade8c94e863a450a3f5eec95dff9c9ee2b,1000,True,120.00013054399824,9915,82.62491011511567,19200000,19297000,160808.15839550045,0,0,0,6163,25768,3806672,1.723336,2.613764,reports/performance-opt-fast-9258a6a.json,c36a50e91150f67d268f3efb7e0275045657ed033604b2f3052a1e53d7c50a30,,,,,,,,,,,,,,,,,,,,,,,,
observed_counter_subwindow,original_monitor,87bf217fcaffcceb2629c36bb54d5158b9f461e8,500,,45.99553737600036,26217,569.9900793784303,7360000,6959000,,0,0,0,8588,,,,,reports/optimization-scale-baseline-scale-late-20261006T100021Z-09d5b0.json,3de61e00bf9780647ff77c5fe62cb89b2c3c5ba428650a29add822c6d6d21438,baseline_500_active_late_tail,24,500,500,500,500,0,23,2026-10-06T10:00:21.189569+00:00,2026-10-06T10:01:07.193350+00:00,,,,,,,,,,,,,,
observed_counter_subwindow,original_monitor,87bf217fcaffcceb2629c36bb54d5158b9f461e8,1000,,118.00020071000017,862,7.305072320329944,0,0,,0,0,0,0,,,,,reports/optimization-scale-baseline-scale-late-20261006T100021Z-09d5b0.json,3de61e00bf9780647ff77c5fe62cb89b2c3c5ba428650a29add822c6d6d21438,baseline_1000_off_post_reset,60,0,0,0,0,33,92,2026-10-06T10:01:27.189856+00:00,2026-10-06T10:03:25.192562+00:00,,,,,,,,,,,,,,
observed_counter_subwindow,original_monitor,87bf217fcaffcceb2629c36bb54d5158b9f461e8,1000,,117.99889229400014,75994,644.0229948147067,18880000,18461000,,0,0,0,24756,,,,,reports/optimization-scale-baseline-scale-late-20261006T100021Z-09d5b0.json,3de61e00bf9780647ff77c5fe62cb89b2c3c5ba428650a29add822c6d6d21438,baseline_1000_active_post_reset,60,1000,1000,1000,1000,95,154,2026-10-06T10:03:31.189909+00:00,2026-10-06T10:05:29.191859+00:00,,,,,,,,,,,,,,
observed_counter_subwindow,reference_monitor,75392af252744f240253d134d1da565a49b2cc9f,100,,111.9991530619991,170,1.517868620898352,0,0,,0,0,0,0,,,,,reports/optimization-scale-fast-scale-fixed-75392af-20261006T135146Z-3eebad.json,a93e902799c9d427dc0db090d43358e969e31ed2678eb8c368656290658047f3,reference_753_100_off_partial,57,0,0,0,0,0,56,2026-10-06T13:51:46.208404+00:00,2026-10-06T13:53:38.210892+00:00,,,,,,,,,,,,,,
observed_counter_subwindow,reference_monitor,75392af252744f240253d134d1da565a49b2cc9f,100,,117.99770734900085,5421,45.94157057616681,18880000,18940000,,0,0,0,2219,,,,,reports/optimization-scale-fast-scale-fixed-75392af-20261006T135146Z-3eebad.json,a93e902799c9d427dc0db090d43358e969e31ed2678eb8c368656290658047f3,reference_753_100_active_post_reset,60,100,100,100,100,60,119,2026-10-06T13:53:46.208689+00:00,2026-10-06T13:55:44.211937+00:00,,,,,,,,,,,,,,
observed_counter_subwindow,reference_monitor,75392af252744f240253d134d1da565a49b2cc9f,500,,118.0003263969993,238,2.0169435735226258,0,0,,0,0,0,0,,,,,reports/optimization-scale-fast-scale-fixed-75392af-20261006T135146Z-3eebad.json,a93e902799c9d427dc0db090d43358e969e31ed2678eb8c368656290658047f3,reference_753_500_off_post_reset,60,0,0,0,0,126,185,2026-10-06T13:55:58.208659+00:00,2026-10-06T13:57:56.211410+00:00,,,,,,,,,,,,,,
observed_counter_subwindow,reference_monitor,75392af252744f240253d134d1da565a49b2cc9f,500,,118.00006094200216,7404,62.74573030635227,18880000,18515000,,0,0,0,3964,,,,,reports/optimization-scale-fast-scale-fixed-75392af-20261006T135146Z-3eebad.json,a93e902799c9d427dc0db090d43358e969e31ed2678eb8c368656290658047f3,reference_753_500_active_post_reset,60,500,500,500,500,189,248,2026-10-06T13:58:04.208698+00:00,2026-10-06T14:00:02.211872+00:00,,,,,,,,,,,,,,
observed_counter_subwindow,reference_monitor,75392af252744f240253d134d1da565a49b2cc9f,1000,,118.00004842000271,356,3.0169479145709643,0,0,,0,0,0,0,,,,,reports/optimization-scale-fast-scale-fixed-75392af-20261006T135146Z-3eebad.json,a93e902799c9d427dc0db090d43358e969e31ed2678eb8c368656290658047f3,reference_753_1000_off_post_reset,60,0,0,0,0,257,316,2026-10-06T14:00:20.208734+00:00,2026-10-06T14:02:18.211567+00:00,,,,,,,,,,,,,,
observed_counter_subwindow,reference_monitor,75392af252744f240253d134d1da565a49b2cc9f,1000,,117.99963849300184,9482,80.35617838407484,18880000,18912000,,0,0,0,5801,,,,,reports/optimization-scale-fast-scale-fixed-75392af-20261006T135146Z-3eebad.json,a93e902799c9d427dc0db090d43358e969e31ed2678eb8c368656290658047f3,reference_753_1000_active_post_reset,60,1000,1000,1000,1000,320,379,2026-10-06T14:02:26.208764+00:00,2026-10-06T14:04:24.211140+00:00,,,,,,,,,,,,,,
observed_counter_subwindow,reference_monitor,75392af252744f240253d134d1da565a49b2cc9f,500,,46.00076970900045,2971,64.58587581891479,7360000,7219000,,0,0,0,1590,,,,,reports/optimization-scale-fast-scale-fixed-75392af-20261006T135146Z-3eebad.json,a93e902799c9d427dc0db090d43358e969e31ed2678eb8c368656290658047f3,reference_753_500_active_matching_late_24_sample_tail,24,500,500,500,500,225,248,2026-10-06T13:59:16.208664+00:00,2026-10-06T14:00:02.211872+00:00,,,,,,,,,,,,,,
observed_counter_subwindow,current_monitor,9258a6ade8c94e863a450a3f5eec95dff9c9ee2b,100,,72.00025163900136,3322,46.138727634675746,11520000,11485000,,0,0,0,1365,,,,,reports/optimization-scale-fast-scale-cache-ready-9258a6a-20261006T162235Z-a50f0c.json,a9cd1ae300b4459dc74dd4318aab6b8eaa9e92c58700589f5a8703dccd0ce00f,current_9258_100_active_late_tail,37,100,100,100,100,0,36,2026-10-06T16:22:35.430178+00:00,2026-10-06T16:23:47.435028+00:00,,,,,,,,,,,,,,
observed_counter_subwindow,current_monitor,9258a6ade8c94e863a450a3f5eec95dff9c9ee2b,500,,117.99998916500044,238,2.016949337742756,0,0,,0,0,0,0,,,,,reports/optimization-scale-fast-scale-cache-ready-9258a6a-20261006T162235Z-a50f0c.json,a9cd1ae300b4459dc74dd4318aab6b8eaa9e92c58700589f5a8703dccd0ce00f,current_9258_500_off_post_reset,60,0,0,0,0,44,103,2026-10-06T16:24:03.430522+00:00,2026-10-06T16:26:01.433440+00:00,,,,,,,,,,,,,,
observed_counter_subwindow,current_monitor,9258a6ade8c94e863a450a3f5eec95dff9c9ee2b,500,,118.00279837700145,7296,61.82904219517203,18880000,18662000,,0,0,0,3821,,,,,reports/optimization-scale-fast-scale-cache-ready-9258a6a-20261006T162235Z-a50f0c.json,a9cd1ae300b4459dc74dd4318aab6b8eaa9e92c58700589f5a8703dccd0ce00f,current_9258_500_active_post_reset,60,500,500,500,500,106,165,2026-10-06T16:26:07.430462+00:00,2026-10-06T16:28:05.435699+00:00,,,,,,,,,,,,,,
observed_counter_subwindow,current_monitor,9258a6ade8c94e863a450a3f5eec95dff9c9ee2b,500,,46.0010084500027,2813,61.15083331395607,7360000,7560000,,0,0,0,1465,,,,,reports/optimization-scale-fast-scale-cache-ready-9258a6a-20261006T162235Z-a50f0c.json,a9cd1ae300b4459dc74dd4318aab6b8eaa9e92c58700589f5a8703dccd0ce00f,current_9258_500_active_matching_late_24_sample_tail,24,500,500,500,500,142,165,2026-10-06T16:27:19.430463+00:00,2026-10-06T16:28:05.435699+00:00,,,,,,,,,,,,,,
observed_counter_subwindow,current_monitor,9258a6ade8c94e863a450a3f5eec95dff9c9ee2b,1000,,117.99805127199943,356,3.016998977206649,0,0,,0,0,0,0,,,,,reports/optimization-scale-fast-scale-cache-ready-9258a6a-20261006T162235Z-a50f0c.json,a9cd1ae300b4459dc74dd4318aab6b8eaa9e92c58700589f5a8703dccd0ce00f,current_9258_1000_off_post_reset,60,0,0,0,0,175,234,2026-10-06T16:28:25.430465+00:00,2026-10-06T16:30:23.433103+00:00,,,,,,,,,,,,,,
observed_counter_subwindow,current_monitor,9258a6ade8c94e863a450a3f5eec95dff9c9ee2b,1000,,118.00141320200055,9750,82.6261290897379,18880000,18905000,,0,0,0,6060,,,,,reports/optimization-scale-fast-scale-cache-ready-9258a6a-20261006T162235Z-a50f0c.json,a9cd1ae300b4459dc74dd4318aab6b8eaa9e92c58700589f5a8703dccd0ce00f,current_9258_1000_active_post_reset,60,1000,1000,1000,1000,237,296,2026-10-06T16:30:29.430894+00:00,2026-10-06T16:32:27.435036+00:00,,,,,,,,,,,,,,
final_ring_comparison,,,100,,,,,,,,,,,,,,,,,,,,,,,,,,,,original_87,current_9258,False,tick_ms_p50,0.027742,0.088903,220.46355706149518,"Descriptive final bounded-ring snapshots, not complete120s/time-aligned percentiles or causal effects.",,,,,,
final_ring_comparison,,,100,,,,,,,,,,,,,,,,,,,,,,,,,,,,original_87,current_9258,False,tick_ms_p95,0.182945,0.289885,58.454726830468175,"Descriptive final bounded-ring snapshots, not complete120s/time-aligned percentiles or causal effects.",,,,,,
final_ring_comparison,,,100,,,,,,,,,,,,,,,,,,,,,,,,,,,,original_87,current_9258,False,tick_ms_p99,0.285709,0.442094,54.73576261160831,"Descriptive final bounded-ring snapshots, not complete120s/time-aligned percentiles or causal effects.",,,,,,
final_ring_comparison,,,100,,,,,,,,,,,,,,,,,,,,,,,,,,,,original_87,current_9258,False,delivery_ms_p50,0.0,0.0,,"Descriptive final bounded-ring snapshots, not complete120s/time-aligned percentiles or causal effects.",,,,,,
final_ring_comparison,,,100,,,,,,,,,,,,,,,,,,,,,,,,,,,,original_87,current_9258,False,delivery_ms_p95,0.0,0.0,,"Descriptive final bounded-ring snapshots, not complete120s/time-aligned percentiles or causal effects.",,,,,,
final_ring_comparison,,,100,,,,,,,,,,,,,,,,,,,,,,,,,,,,original_87,current_9258,False,delivery_ms_p99,0.0,0.0,,"Descriptive final bounded-ring snapshots, not complete120s/time-aligned percentiles or causal effects.",,,,,,
final_ring_comparison,,,100,,,,,,,,,,,,,,,,,,,,,,,,,,,,original_87,current_9258,False,sql_ms_p50,0.0,0.0,,"Descriptive final bounded-ring snapshots, not complete120s/time-aligned percentiles or causal effects.",,,,,,
final_ring_comparison,,,100,,,,,,,,,,,,,,,,,,,,,,,,,,,,original_87,current_9258,False,sql_ms_p95,0.0,0.0,,"Descriptive final bounded-ring snapshots, not complete120s/time-aligned percentiles or causal effects.",,,,,,
final_ring_comparison,,,100,,,,,,,,,,,,,,,,,,,,,,,,,,,,original_87,current_9258,False,sql_ms_p99,0.0,0.0,,"Descriptive final bounded-ring snapshots, not complete120s/time-aligned percentiles or causal effects.",,,,,,
final_ring_comparison,,,100,,,,,,,,,,,,,,,,,,,,,,,,,,,,original_87,current_9258,True,tick_ms_p50,0.166199,0.315333,89.73218852098988,"Descriptive final bounded-ring snapshots, not complete120s/time-aligned percentiles or causal effects.",,,,,,
final_ring_comparison,,,100,,,,,,,,,,,,,,,,,,,,,,,,,,,,original_87,current_9258,True,tick_ms_p95,0.367662,0.56642,54.05997900245336,"Descriptive final bounded-ring snapshots, not complete120s/time-aligned percentiles or causal effects.",,,,,,
final_ring_comparison,,,100,,,,,,,,,,,,,,,,,,,,,,,,,,,,original_87,current_9258,True,tick_ms_p99,0.813862,0.942725,15.833519687612885,"Descriptive final bounded-ring snapshots, not complete120s/time-aligned percentiles or causal effects.",,,,,,
final_ring_comparison,,,100,,,,,,,,,,,,,,,,,,,,,,,,,,,,original_87,current_9258,True,delivery_ms_p50,48.810739,99.782539,104.42742938188255,"Descriptive final bounded-ring snapshots, not complete120s/time-aligned percentiles or causal effects.",,,,,,
final_ring_comparison,,,100,,,,,,,,,,,,,,,,,,,,,,,,,,,,original_87,current_9258,True,delivery_ms_p95,105.561994,149.786276,41.89413284481911,"Descriptive final bounded-ring snapshots, not complete120s/time-aligned percentiles or causal effects.",,,,,,
final_ring_comparison,,,100,,,,,,,,,,,,,,,,,,,,,,,,,,,,original_87,current_9258,True,delivery_ms_p99,133.777117,150.022452,12.1435828221653,"Descriptive final bounded-ring snapshots, not complete120s/time-aligned percentiles or causal effects.",,,,,,
final_ring_comparison,,,100,,,,,,,,,,,,,,,,,,,,,,,,,,,,original_87,current_9258,True,sql_ms_p50,15.120852,30.031276,98.60835884115524,"Descriptive final bounded-ring snapshots, not complete120s/time-aligned percentiles or causal effects.",,,,,,
final_ring_comparison,,,100,,,,,,,,,,,,,,,,,,,,,,,,,,,,original_87,current_9258,True,sql_ms_p95,23.749328,48.495834,104.19876301342086,"Descriptive final bounded-ring snapshots, not complete120s/time-aligned percentiles or causal effects.",,,,,,
final_ring_comparison,,,100,,,,,,,,,,,,,,,,,,,,,,,,,,,,original_87,current_9258,True,sql_ms_p99,30.432539,60.519559,98.8646395885667,"Descriptive final bounded-ring snapshots, not complete120s/time-aligned percentiles or causal effects.",,,,,,
final_ring_comparison,,,500,,,,,,,,,,,,,,,,,,,,,,,,,,,,original_87,current_9258,False,tick_ms_p50,0.094342,0.167481,77.52538636026371,"Descriptive final bounded-ring snapshots, not complete120s/time-aligned percentiles or causal effects.",,,,,,
final_ring_comparison,,,500,,,,,,,,,,,,,,,,,,,,,,,,,,,,original_87,current_9258,False,tick_ms_p95,0.265308,0.274863,3.6014745126419223,"Descriptive final bounded-ring snapshots, not complete120s/time-aligned percentiles or causal effects.",,,,,,
final_ring_comparison,,,500,,,,,,,,,,,,,,,,,,,,,,,,,,,,original_87,current_9258,False,tick_ms_p99,0.555844,0.456295,-17.909521376501324,"Descriptive final bounded-ring snapshots, not complete120s/time-aligned percentiles or causal effects.",,,,,,
final_ring_comparison,,,500,,,,,,,,,,,,,,,,,,,,,,,,,,,,original_87,current_9258,False,delivery_ms_p50,0.0,0.0,,"Descriptive final bounded-ring snapshots, not complete120s/time-aligned percentiles or causal effects.",,,,,,
final_ring_comparison,,,500,,,,,,,,,,,,,,,,,,,,,,,,,,,,original_87,current_9258,False,delivery_ms_p95,0.0,0.0,,"Descriptive final bounded-ring snapshots, not complete120s/time-aligned percentiles or causal effects.",,,,,,
final_ring_comparison,,,500,,,,,,,,,,,,,,,,,,,,,,,,,,,,original_87,current_9258,False,delivery_ms_p99,0.0,0.0,,"Descriptive final bounded-ring snapshots, not complete120s/time-aligned percentiles or causal effects.",,,,,,
final_ring_comparison,,,500,,,,,,,,,,,,,,,,,,,,,,,,,,,,original_87,current_9258,False,sql_ms_p50,0.0,0.0,,"Descriptive final bounded-ring snapshots, not complete120s/time-aligned percentiles or causal effects.",,,,,,
final_ring_comparison,,,500,,,,,,,,,,,,,,,,,,,,,,,,,,,,original_87,current_9258,False,sql_ms_p95,0.0,0.0,,"Descriptive final bounded-ring snapshots, not complete120s/time-aligned percentiles or causal effects.",,,,,,
final_ring_comparison,,,500,,,,,,,,,,,,,,,,,,,,,,,,,,,,original_87,current_9258,False,sql_ms_p99,0.0,0.0,,"Descriptive final bounded-ring snapshots, not complete120s/time-aligned percentiles or causal effects.",,,,,,
final_ring_comparison,,,500,,,,,,,,,,,,,,,,,,,,,,,,,,,,original_87,current_9258,True,tick_ms_p50,0.182825,0.584958,219.95514836592372,"Descriptive final bounded-ring snapshots, not complete120s/time-aligned percentiles or causal effects.",,,,,,
final_ring_comparison,,,500,,,,,,,,,,,,,,,,,,,,,,,,,,,,original_87,current_9258,True,tick_ms_p95,0.46723,1.022004,118.73681056439014,"Descriptive final bounded-ring snapshots, not complete120s/time-aligned percentiles or causal effects.",,,,,,
final_ring_comparison,,,500,,,,,,,,,,,,,,,,,,,,,,,,,,,,original_87,current_9258,True,tick_ms_p99,0.826755,1.54584,86.97679481829563,"Descriptive final bounded-ring snapshots, not complete120s/time-aligned percentiles or causal effects.",,,,,,
final_ring_comparison,,,500,,,,,,,,,,,,,,,,,,,,,,,,,,,,original_87,current_9258,True,delivery_ms_p50,464.309203,149.202182,-67.86577112062973,"Descriptive final bounded-ring snapshots, not complete120s/time-aligned percentiles or causal effects.",,,,,,
final_ring_comparison,,,500,,,,,,,,,,,,,,,,,,,,,,,,,,,,original_87,current_9258,True,delivery_ms_p95,651.167752,149.724436,-77.0067796600591,"Descriptive final bounded-ring snapshots, not complete120s/time-aligned percentiles or causal effects.",,,,,,
final_ring_comparison,,,500,,,,,,,,,,,,,,,,,,,,,,,,,,,,original_87,current_9258,True,delivery_ms_p99,771.516151,151.471111,-80.3670848881555,"Descriptive final bounded-ring snapshots, not complete120s/time-aligned percentiles or causal effects.",,,,,,
final_ring_comparison,,,500,,,,,,,,,,,,,,,,,,,,,,,,,,,,original_87,current_9258,True,sql_ms_p50,15.335491,35.616643,132.2497727656715,"Descriptive final bounded-ring snapshots, not complete120s/time-aligned percentiles or causal effects.",,,,,,
final_ring_comparison,,,500,,,,,,,,,,,,,,,,,,,,,,,,,,,,original_87,current_9258,True,sql_ms_p95,25.88023,78.064459,201.63742362413316,"Descriptive final bounded-ring snapshots, not complete120s/time-aligned percentiles or causal effects.",,,,,,
final_ring_comparison,,,500,,,,,,,,,,,,,,,,,,,,,,,,,,,,original_87,current_9258,True,sql_ms_p99,38.043735,96.187737,152.83463098457605,"Descriptive final bounded-ring snapshots, not complete120s/time-aligned percentiles or causal effects.",,,,,,
final_ring_comparison,,,1000,,,,,,,,,,,,,,,,,,,,,,,,,,,,original_87,current_9258,False,tick_ms_p50,0.152709,0.190145,24.514599663412117,"Descriptive final bounded-ring snapshots, not complete120s/time-aligned percentiles or causal effects.",,,,,,
final_ring_comparison,,,1000,,,,,,,,,,,,,,,,,,,,,,,,,,,,original_87,current_9258,False,tick_ms_p95,0.394041,0.345919,-12.212434746638046,"Descriptive final bounded-ring snapshots, not complete120s/time-aligned percentiles or causal effects.",,,,,,
final_ring_comparison,,,1000,,,,,,,,,,,,,,,,,,,,,,,,,,,,original_87,current_9258,False,tick_ms_p99,0.802695,0.684307,-14.748814929705556,"Descriptive final bounded-ring snapshots, not complete120s/time-aligned percentiles or causal effects.",,,,,,
final_ring_comparison,,,1000,,,,,,,,,,,,,,,,,,,,,,,,,,,,original_87,current_9258,False,delivery_ms_p50,0.0,0.0,,"Descriptive final bounded-ring snapshots, not complete120s/time-aligned percentiles or causal effects.",,,,,,
final_ring_comparison,,,1000,,,,,,,,,,,,,,,,,,,,,,,,,,,,original_87,current_9258,False,delivery_ms_p95,0.0,0.0,,"Descriptive final bounded-ring snapshots, not complete120s/time-aligned percentiles or causal effects.",,,,,,
final_ring_comparison,,,1000,,,,,,,,,,,,,,,,,,,,,,,,,,,,original_87,current_9258,False,delivery_ms_p99,0.0,0.0,,"Descriptive final bounded-ring snapshots, not complete120s/time-aligned percentiles or causal effects.",,,,,,
final_ring_comparison,,,1000,,,,,,,,,,,,,,,,,,,,,,,,,,,,original_87,current_9258,False,sql_ms_p50,0.0,0.0,,"Descriptive final bounded-ring snapshots, not complete120s/time-aligned percentiles or causal effects.",,,,,,
final_ring_comparison,,,1000,,,,,,,,,,,,,,,,,,,,,,,,,,,,original_87,current_9258,False,sql_ms_p95,0.0,0.0,,"Descriptive final bounded-ring snapshots, not complete120s/time-aligned percentiles or causal effects.",,,,,,
final_ring_comparison,,,1000,,,,,,,,,,,,,,,,,,,,,,,,,,,,original_87,current_9258,False,sql_ms_p99,0.0,0.0,,"Descriptive final bounded-ring snapshots, not complete120s/time-aligned percentiles or causal effects.",,,,,,
final_ring_comparison,,,1000,,,,,,,,,,,,,,,,,,,,,,,,,,,,original_87,current_9258,True,tick_ms_p50,0.20004,0.86611,332.9684063187363,"Descriptive final bounded-ring snapshots, not complete120s/time-aligned percentiles or causal effects.",,,,,,
final_ring_comparison,,,1000,,,,,,,,,,,,,,,,,,,,,,,,,,,,original_87,current_9258,True,tick_ms_p95,0.576145,1.723336,199.11497973600393,"Descriptive final bounded-ring snapshots, not complete120s/time-aligned percentiles or causal effects.",,,,,,
final_ring_comparison,,,1000,,,,,,,,,,,,,,,,,,,,,,,,,,,,original_87,current_9258,True,tick_ms_p99,1.117527,2.613764,133.8882192555527,"Descriptive final bounded-ring snapshots, not complete120s/time-aligned percentiles or causal effects.",,,,,,
final_ring_comparison,,,1000,,,,,,,,,,,,,,,,,,,,,,,,,,,,original_87,current_9258,True,delivery_ms_p50,439.30862,149.225654,-66.03170363467943,"Descriptive final bounded-ring snapshots, not complete120s/time-aligned percentiles or causal effects.",,,,,,
final_ring_comparison,,,1000,,,,,,,,,,,,,,,,,,,,,,,,,,,,original_87,current_9258,True,delivery_ms_p95,530.841954,199.61223,-62.397050855554646,"Descriptive final bounded-ring snapshots, not complete120s/time-aligned percentiles or causal effects.",,,,,,
final_ring_comparison,,,1000,,,,,,,,,,,,,,,,,,,,,,,,,,,,original_87,current_9258,True,delivery_ms_p99,1533.782162,249.666154,-83.72218948781854,"Descriptive final bounded-ring snapshots, not complete120s/time-aligned percentiles or causal effects.",,,,,,
final_ring_comparison,,,1000,,,,,,,,,,,,,,,,,,,,,,,,,,,,original_87,current_9258,True,sql_ms_p50,13.337773,41.718129,212.78181897382717,"Descriptive final bounded-ring snapshots, not complete120s/time-aligned percentiles or causal effects.",,,,,,
final_ring_comparison,,,1000,,,,,,,,,,,,,,,,,,,,,,,,,,,,original_87,current_9258,True,sql_ms_p95,19.868087,105.600422,431.50774908525415,"Descriptive final bounded-ring snapshots, not complete120s/time-aligned percentiles or causal effects.",,,,,,
final_ring_comparison,,,1000,,,,,,,,,,,,,,,,,,,,,,,,,,,,original_87,current_9258,True,sql_ms_p99,27.0626,131.199359,384.7995351518331,"Descriptive final bounded-ring snapshots, not complete120s/time-aligned percentiles or causal effects.",,,,,,
final_ring_comparison,,,100,,,,,,,,,,,,,,,,,,,,,,,,,,,,reference_753,current_9258,False,tick_ms_p50,0.078929,0.088903,12.636673466026416,"Descriptive final bounded-ring snapshots, not complete120s/time-aligned percentiles or causal effects.",,,,,,
final_ring_comparison,,,100,,,,,,,,,,,,,,,,,,,,,,,,,,,,reference_753,current_9258,False,tick_ms_p95,0.2796,0.289885,3.6784692417739517,"Descriptive final bounded-ring snapshots, not complete120s/time-aligned percentiles or causal effects.",,,,,,
final_ring_comparison,,,100,,,,,,,,,,,,,,,,,,,,,,,,,,,,reference_753,current_9258,False,tick_ms_p99,0.436686,0.442094,1.238418451702139,"Descriptive final bounded-ring snapshots, not complete120s/time-aligned percentiles or causal effects.",,,,,,
final_ring_comparison,,,100,,,,,,,,,,,,,,,,,,,,,,,,,,,,reference_753,current_9258,False,delivery_ms_p50,0.0,0.0,,"Descriptive final bounded-ring snapshots, not complete120s/time-aligned percentiles or causal effects.",,,,,,
final_ring_comparison,,,100,,,,,,,,,,,,,,,,,,,,,,,,,,,,reference_753,current_9258,False,delivery_ms_p95,0.0,0.0,,"Descriptive final bounded-ring snapshots, not complete120s/time-aligned percentiles or causal effects.",,,,,,
final_ring_comparison,,,100,,,,,,,,,,,,,,,,,,,,,,,,,,,,reference_753,current_9258,False,delivery_ms_p99,0.0,0.0,,"Descriptive final bounded-ring snapshots, not complete120s/time-aligned percentiles or causal effects.",,,,,,
final_ring_comparison,,,100,,,,,,,,,,,,,,,,,,,,,,,,,,,,reference_753,current_9258,False,sql_ms_p50,0.0,0.0,,"Descriptive final bounded-ring snapshots, not complete120s/time-aligned percentiles or causal effects.",,,,,,
final_ring_comparison,,,100,,,,,,,,,,,,,,,,,,,,,,,,,,,,reference_753,current_9258,False,sql_ms_p95,0.0,0.0,,"Descriptive final bounded-ring snapshots, not complete120s/time-aligned percentiles or causal effects.",,,,,,
final_ring_comparison,,,100,,,,,,,,,,,,,,,,,,,,,,,,,,,,reference_753,current_9258,False,sql_ms_p99,0.0,0.0,,"Descriptive final bounded-ring snapshots, not complete120s/time-aligned percentiles or causal effects.",,,,,,
final_ring_comparison,,,100,,,,,,,,,,,,,,,,,,,,,,,,,,,,reference_753,current_9258,True,tick_ms_p50,0.437256,0.315333,-27.883665404248315,"Descriptive final bounded-ring snapshots, not complete120s/time-aligned percentiles or causal effects.",,,,,,
final_ring_comparison,,,100,,,,,,,,,,,,,,,,,,,,,,,,,,,,reference_753,current_9258,True,tick_ms_p95,0.717687,0.56642,-21.077015467745674,"Descriptive final bounded-ring snapshots, not complete120s/time-aligned percentiles or causal effects.",,,,,,
final_ring_comparison,,,100,,,,,,,,,,,,,,,,,,,,,,,,,,,,reference_753,current_9258,True,tick_ms_p99,1.131528,0.942725,-16.685667522147053,"Descriptive final bounded-ring snapshots, not complete120s/time-aligned percentiles or causal effects.",,,,,,
final_ring_comparison,,,100,,,,,,,,,,,,,,,,,,,,,,,,,,,,reference_753,current_9258,True,delivery_ms_p50,99.651209,99.782539,0.13178967050966328,"Descriptive final bounded-ring snapshots, not complete120s/time-aligned percentiles or causal effects.",,,,,,
final_ring_comparison,,,100,,,,,,,,,,,,,,,,,,,,,,,,,,,,reference_753,current_9258,True,delivery_ms_p95,149.637564,149.786276,0.09938146279899751,"Descriptive final bounded-ring snapshots, not complete120s/time-aligned percentiles or causal effects.",,,,,,
final_ring_comparison,,,100,,,,,,,,,,,,,,,,,,,,,,,,,,,,reference_753,current_9258,True,delivery_ms_p99,149.989691,150.022452,0.021842167806052082,"Descriptive final bounded-ring snapshots, not complete120s/time-aligned percentiles or causal effects.",,,,,,
final_ring_comparison,,,100,,,,,,,,,,,,,,,,,,,,,,,,,,,,reference_753,current_9258,True,sql_ms_p50,31.342687,30.031276,-4.184105210890188,"Descriptive final bounded-ring snapshots, not complete120s/time-aligned percentiles or causal effects.",,,,,,
final_ring_comparison,,,100,,,,,,,,,,,,,,,,,,,,,,,,,,,,reference_753,current_9258,True,sql_ms_p95,49.851735,48.495834,-2.719867222274197,"Descriptive final bounded-ring snapshots, not complete120s/time-aligned percentiles or causal effects.",,,,,,
final_ring_comparison,,,100,,,,,,,,,,,,,,,,,,,,,,,,,,,,reference_753,current_9258,True,sql_ms_p99,60.437642,60.519559,0.13553970222730527,"Descriptive final bounded-ring snapshots, not complete120s/time-aligned percentiles or causal effects.",,,,,,
final_ring_comparison,,,500,,,,,,,,,,,,,,,,,,,,,,,,,,,,reference_753,current_9258,False,tick_ms_p50,0.175273,0.167481,-4.445636236043216,"Descriptive final bounded-ring snapshots, not complete120s/time-aligned percentiles or causal effects.",,,,,,
final_ring_comparison,,,500,,,,,,,,,,,,,,,,,,,,,,,,,,,,reference_753,current_9258,False,tick_ms_p95,0.315714,0.274863,-12.939242478952462,"Descriptive final bounded-ring snapshots, not complete120s/time-aligned percentiles or causal effects.",,,,,,
final_ring_comparison,,,500,,,,,,,,,,,,,,,,,,,,,,,,,,,,reference_753,current_9258,False,tick_ms_p99,0.462414,0.456295,-1.3232730842924312,"Descriptive final bounded-ring snapshots, not complete120s/time-aligned percentiles or causal effects.",,,,,,
final_ring_comparison,,,500,,,,,,,,,,,,,,,,,,,,,,,,,,,,reference_753,current_9258,False,delivery_ms_p50,0.0,0.0,,"Descriptive final bounded-ring snapshots, not complete120s/time-aligned percentiles or causal effects.",,,,,,
final_ring_comparison,,,500,,,,,,,,,,,,,,,,,,,,,,,,,,,,reference_753,current_9258,False,delivery_ms_p95,0.0,0.0,,"Descriptive final bounded-ring snapshots, not complete120s/time-aligned percentiles or causal effects.",,,,,,
final_ring_comparison,,,500,,,,,,,,,,,,,,,,,,,,,,,,,,,,reference_753,current_9258,False,delivery_ms_p99,0.0,0.0,,"Descriptive final bounded-ring snapshots, not complete120s/time-aligned percentiles or causal effects.",,,,,,
final_ring_comparison,,,500,,,,,,,,,,,,,,,,,,,,,,,,,,,,reference_753,current_9258,False,sql_ms_p50,0.0,0.0,,"Descriptive final bounded-ring snapshots, not complete120s/time-aligned percentiles or causal effects.",,,,,,
final_ring_comparison,,,500,,,,,,,,,,,,,,,,,,,,,,,,,,,,reference_753,current_9258,False,sql_ms_p95,0.0,0.0,,"Descriptive final bounded-ring snapshots, not complete120s/time-aligned percentiles or causal effects.",,,,,,
final_ring_comparison,,,500,,,,,,,,,,,,,,,,,,,,,,,,,,,,reference_753,current_9258,False,sql_ms_p99,0.0,0.0,,"Descriptive final bounded-ring snapshots, not complete120s/time-aligned percentiles or causal effects.",,,,,,
final_ring_comparison,,,500,,,,,,,,,,,,,,,,,,,,,,,,,,,,reference_753,current_9258,True,tick_ms_p50,0.845248,0.584958,-30.79451237979859,"Descriptive final bounded-ring snapshots, not complete120s/time-aligned percentiles or causal effects.",,,,,,
final_ring_comparison,,,500,,,,,,,,,,,,,,,,,,,,,,,,,,,,reference_753,current_9258,True,tick_ms_p95,1.590095,1.022004,-35.72685908703569,"Descriptive final bounded-ring snapshots, not complete120s/time-aligned percentiles or causal effects.",,,,,,
final_ring_comparison,,,500,,,,,,,,,,,,,,,,,,,,,,,,,,,,reference_753,current_9258,True,tick_ms_p99,2.401132,1.54584,-35.62036572749852,"Descriptive final bounded-ring snapshots, not complete120s/time-aligned percentiles or causal effects.",,,,,,
final_ring_comparison,,,500,,,,,,,,,,,,,,,,,,,,,,,,,,,,reference_753,current_9258,True,delivery_ms_p50,99.515106,149.202182,49.929179596110764,"Descriptive final bounded-ring snapshots, not complete120s/time-aligned percentiles or causal effects.",,,,,,
final_ring_comparison,,,500,,,,,,,,,,,,,,,,,,,,,,,,,,,,reference_753,current_9258,True,delivery_ms_p95,149.505011,149.724436,0.14676765583463425,"Descriptive final bounded-ring snapshots, not complete120s/time-aligned percentiles or causal effects.",,,,,,
final_ring_comparison,,,500,,,,,,,,,,,,,,,,,,,,,,,,,,,,reference_753,current_9258,True,delivery_ms_p99,149.5445,151.471111,1.288319530307036,"Descriptive final bounded-ring snapshots, not complete120s/time-aligned percentiles or causal effects.",,,,,,
final_ring_comparison,,,500,,,,,,,,,,,,,,,,,,,,,,,,,,,,reference_753,current_9258,True,sql_ms_p50,32.799393,35.616643,8.5893357843543,"Descriptive final bounded-ring snapshots, not complete120s/time-aligned percentiles or causal effects.",,,,,,
final_ring_comparison,,,500,,,,,,,,,,,,,,,,,,,,,,,,,,,,reference_753,current_9258,True,sql_ms_p95,69.331877,78.064459,12.59533475489203,"Descriptive final bounded-ring snapshots, not complete120s/time-aligned percentiles or causal effects.",,,,,,
final_ring_comparison,,,500,,,,,,,,,,,,,,,,,,,,,,,,,,,,reference_753,current_9258,True,sql_ms_p99,86.455052,96.187737,11.257508699433782,"Descriptive final bounded-ring snapshots, not complete120s/time-aligned percentiles or causal effects.",,,,,,
final_ring_comparison,,,1000,,,,,,,,,,,,,,,,,,,,,,,,,,,,reference_753,current_9258,False,tick_ms_p50,0.211687,0.190145,-10.176345264470644,"Descriptive final bounded-ring snapshots, not complete120s/time-aligned percentiles or causal effects.",,,,,,
final_ring_comparison,,,1000,,,,,,,,,,,,,,,,,,,,,,,,,,,,reference_753,current_9258,False,tick_ms_p95,0.415063,0.345919,-16.658675911849528,"Descriptive final bounded-ring snapshots, not complete120s/time-aligned percentiles or causal effects.",,,,,,
final_ring_comparison,,,1000,,,,,,,,,,,,,,,,,,,,,,,,,,,,reference_753,current_9258,False,tick_ms_p99,0.791077,0.684307,-13.496789819448685,"Descriptive final bounded-ring snapshots, not complete120s/time-aligned percentiles or causal effects.",,,,,,
final_ring_comparison,,,1000,,,,,,,,,,,,,,,,,,,,,,,,,,,,reference_753,current_9258,False,delivery_ms_p50,0.0,0.0,,"Descriptive final bounded-ring snapshots, not complete120s/time-aligned percentiles or causal effects.",,,,,,
final_ring_comparison,,,1000,,,,,,,,,,,,,,,,,,,,,,,,,,,,reference_753,current_9258,False,delivery_ms_p95,0.0,0.0,,"Descriptive final bounded-ring snapshots, not complete120s/time-aligned percentiles or causal effects.",,,,,,
final_ring_comparison,,,1000,,,,,,,,,,,,,,,,,,,,,,,,,,,,reference_753,current_9258,False,delivery_ms_p99,0.0,0.0,,"Descriptive final bounded-ring snapshots, not complete120s/time-aligned percentiles or causal effects.",,,,,,
final_ring_comparison,,,1000,,,,,,,,,,,,,,,,,,,,,,,,,,,,reference_753,current_9258,False,sql_ms_p50,0.0,0.0,,"Descriptive final bounded-ring snapshots, not complete120s/time-aligned percentiles or causal effects.",,,,,,
final_ring_comparison,,,1000,,,,,,,,,,,,,,,,,,,,,,,,,,,,reference_753,current_9258,False,sql_ms_p95,0.0,0.0,,"Descriptive final bounded-ring snapshots, not complete120s/time-aligned percentiles or causal effects.",,,,,,
final_ring_comparison,,,1000,,,,,,,,,,,,,,,,,,,,,,,,,,,,reference_753,current_9258,False,sql_ms_p99,0.0,0.0,,"Descriptive final bounded-ring snapshots, not complete120s/time-aligned percentiles or causal effects.",,,,,,
final_ring_comparison,,,1000,,,,,,,,,,,,,,,,,,,,,,,,,,,,reference_753,current_9258,True,tick_ms_p50,1.235104,0.86611,-29.8755408451434,"Descriptive final bounded-ring snapshots, not complete120s/time-aligned percentiles or causal effects.",,,,,,
final_ring_comparison,,,1000,,,,,,,,,,,,,,,,,,,,,,,,,,,,reference_753,current_9258,True,tick_ms_p95,2.668976,1.723336,-35.43081691255372,"Descriptive final bounded-ring snapshots, not complete120s/time-aligned percentiles or causal effects.",,,,,,
final_ring_comparison,,,1000,,,,,,,,,,,,,,,,,,,,,,,,,,,,reference_753,current_9258,True,tick_ms_p99,4.510519,2.613764,-42.0518126628,"Descriptive final bounded-ring snapshots, not complete120s/time-aligned percentiles or causal effects.",,,,,,
final_ring_comparison,,,1000,,,,,,,,,,,,,,,,,,,,,,,,,,,,reference_753,current_9258,True,delivery_ms_p50,148.930313,149.225654,0.19830818458024257,"Descriptive final bounded-ring snapshots, not complete120s/time-aligned percentiles or causal effects.",,,,,,
final_ring_comparison,,,1000,,,,,,,,,,,,,,,,,,,,,,,,,,,,reference_753,current_9258,True,delivery_ms_p95,199.337021,199.61223,0.1380621615690858,"Descriptive final bounded-ring snapshots, not complete120s/time-aligned percentiles or causal effects.",,,,,,
final_ring_comparison,,,1000,,,,,,,,,,,,,,,,,,,,,,,,,,,,reference_753,current_9258,True,delivery_ms_p99,248.762647,249.666154,0.36320042855952916,"Descriptive final bounded-ring snapshots, not complete120s/time-aligned percentiles or causal effects.",,,,,,
final_ring_comparison,,,1000,,,,,,,,,,,,,,,,,,,,,,,,,,,,reference_753,current_9258,True,sql_ms_p50,40.557188,41.718129,2.8624790259127453,"Descriptive final bounded-ring snapshots, not complete120s/time-aligned percentiles or causal effects.",,,,,,
final_ring_comparison,,,1000,,,,,,,,,,,,,,,,,,,,,,,,,,,,reference_753,current_9258,True,sql_ms_p95,96.681205,105.600422,9.225388740241701,"Descriptive final bounded-ring snapshots, not complete120s/time-aligned percentiles or causal effects.",,,,,,
final_ring_comparison,,,1000,,,,,,,,,,,,,,,,,,,,,,,,,,,,reference_753,current_9258,True,sql_ms_p99,125.372929,131.199359,4.647279158645157,"Descriptive final bounded-ring snapshots, not complete120s/time-aligned percentiles or causal effects.",,,,,,
observed_DB_rate_comparison,,,,,,,,,,,,,,,,,,,,,,,,,,,,,,,,,,,,,,Actual ~118s1000 spans or matched24-point/~46s500 late tails; logical cutoff alignment approximate; not complete120s fixed-event comparisons.,baseline_500_active_late_tail,reference_753_500_active_matching_late_24_sample_tail,569.9900793784303,64.58587581891479,-88.66894738074298,
observed_DB_rate_comparison,,,,,,,,,,,,,,,,,,,,,,,,,,,,,,,,,,,,,,Actual ~118s1000 spans or matched24-point/~46s500 late tails; logical cutoff alignment approximate; not complete120s fixed-event comparisons.,baseline_500_active_late_tail,current_9258_500_active_matching_late_24_sample_tail,569.9900793784303,61.15083331395607,-89.27159690557411,
observed_DB_rate_comparison,,,,,,,,,,,,,,,,,,,,,,,,,,,,,,,,,,,,,,Actual ~118s1000 spans or matched24-point/~46s500 late tails; logical cutoff alignment approximate; not complete120s fixed-event comparisons.,baseline_1000_off_post_reset,reference_753_1000_off_post_reset,7.305072320329944,3.0169479145709643,-58.700642755105534,True
observed_DB_rate_comparison,,,,,,,,,,,,,,,,,,,,,,,,,,,,,,,,,,,,,,Actual ~118s1000 spans or matched24-point/~46s500 late tails; logical cutoff alignment approximate; not complete120s fixed-event comparisons.,baseline_1000_off_post_reset,current_9258_1000_off_post_reset,7.305072320329944,3.016998977206649,-58.69994375263923,True
observed_DB_rate_comparison,,,,,,,,,,,,,,,,,,,,,,,,,,,,,,,,,,,,,,Actual ~118s1000 spans or matched24-point/~46s500 late tails; logical cutoff alignment approximate; not complete120s fixed-event comparisons.,baseline_1000_active_post_reset,reference_753_1000_active_post_reset,644.0229948147067,80.35617838407484,-87.52277806366304,
observed_DB_rate_comparison,,,,,,,,,,,,,,,,,,,,,,,,,,,,,,,,,,,,,,Actual ~118s1000 spans or matched24-point/~46s500 late tails; logical cutoff alignment approximate; not complete120s fixed-event comparisons.,baseline_1000_active_post_reset,current_9258_1000_active_post_reset,644.0229948147067,82.6261290897379,-87.17031383118386,
