record_type,run,source_revision,count,active,seconds,DB_transactions,DB_transactions_per_second,accepted_FE,extracted_FE,output_FE_per_second,tick_ms_p95,tick_ms_p99,label,steady_candidate,first_status_request_utc,last_status_reply_utc,reference,current,active_requested,metric,reference_ms,current_ms,change_percent,scope,reference_transactions,current_transactions,count_change_percent,reference_nominal_rate,current_nominal_rate,nominal_rate_change_percent,reference_window,candidate_window,reference_rate,candidate_rate,arithmetic_change_percent,frozen_idle_goal_within_observed_scope
nominal_business_window,original_87,87bf217fcaffcceb2629c36bb54d5158b9f461e8,100,False,120.00010084899986,,,0,0,0.0,0.182945,0.285709,,,,,,,,,,,,,,,,,,,,,,,,
nominal_business_window,original_87,87bf217fcaffcceb2629c36bb54d5158b9f461e8,100,True,120.00010823299999,,,19200000,19125000,159374.85625317655,0.367662,0.813862,,,,,,,,,,,,,,,,,,,,,,,,
nominal_business_window,original_87,87bf217fcaffcceb2629c36bb54d5158b9f461e8,500,False,120.00010693700006,,,0,0,0.0,0.265308,0.555844,,,,,,,,,,,,,,,,,,,,,,,,
nominal_business_window,original_87,87bf217fcaffcceb2629c36bb54d5158b9f461e8,500,True,120.00023458400028,,,19200000,18505000,154208.0318771917,0.46723,0.826755,,,,,,,,,,,,,,,,,,,,,,,,
nominal_business_window,original_87,87bf217fcaffcceb2629c36bb54d5158b9f461e8,1000,False,120.00014954499966,,,0,0,0.0,0.394041,0.802695,,,,,,,,,,,,,,,,,,,,,,,,
nominal_business_window,original_87,87bf217fcaffcceb2629c36bb54d5158b9f461e8,1000,True,120.00007771699984,,,19200000,18664000,155533.23260353156,0.576145,1.117527,,,,,,,,,,,,,,,,,,,,,,,,
nominal_business_window,reference_753,75392af252744f240253d134d1da565a49b2cc9f,100,False,120.00011761600035,182,1.5166651801325637,0,0,0.0,0.2796,0.436686,,,,,,,,,,,,,,,,,,,,,,,,
nominal_business_window,reference_753,75392af252744f240253d134d1da565a49b2cc9f,100,True,120.00008614500257,5512,45.93330035896435,19200000,19309000,160908.21782134302,0.717687,1.131528,,,,,,,,,,,,,,,,,,,,,,,,
nominal_business_window,reference_753,75392af252744f240253d134d1da565a49b2cc9f,500,False,120.00008747600077,241,2.008331869326332,0,0,0.0,0.315714,0.462414,,,,,,,,,,,,,,,,,,,,,,,,
nominal_business_window,reference_753,75392af252744f240253d134d1da565a49b2cc9f,500,True,120.00009880899961,7517,62.64161508703899,19200000,18642000,155349.87208362125,1.590095,2.401132,,,,,,,,,,,,,,,,,,,,,,,,
nominal_business_window,reference_753,75392af252744f240253d134d1da565a49b2cc9f,1000,False,120.00010537100025,362,3.0166640177591253,0,0,0.0,0.415063,0.791077,,,,,,,,,,,,,,,,,,,,,,,,
nominal_business_window,reference_753,75392af252744f240253d134d1da565a49b2cc9f,1000,True,120.00009536600191,9662,80.5166026787793,19200000,19070000,158916.5403730409,2.668976,4.510519,,,,,,,,,,,,,,,,,,,,,,,,
nominal_business_window,reference_9258,9258a6ade8c94e863a450a3f5eec95dff9c9ee2b,100,False,120.0001201940031,181,1.508331822563002,0,0,0.0,0.289885,0.442094,,,,,,,,,,,,,,,,,,,,,,,,
nominal_business_window,reference_9258,9258a6ade8c94e863a450a3f5eec95dff9c9ee2b,100,True,120.00009991999832,5596,46.633294503344096,19208000,19248000,160399.86644038014,0.56642,0.942725,,,,,,,,,,,,,,,,,,,,,,,,
nominal_business_window,reference_9258,9258a6ade8c94e863a450a3f5eec95dff9c9ee2b,500,False,120.00010946299881,242,2.016664827081837,0,0,0.0,0.274863,0.456295,,,,,,,,,,,,,,,,,,,,,,,,
nominal_business_window,reference_9258,9258a6ade8c94e863a450a3f5eec95dff9c9ee2b,500,True,120.00009989600221,7422,61.84994851197839,19200000,18884000,157366.5356642684,1.022004,1.54584,,,,,,,,,,,,,,,,,,,,,,,,
nominal_business_window,reference_9258,9258a6ade8c94e863a450a3f5eec95dff9c9ee2b,1000,False,120.00014833499881,362,3.016662937694223,0,0,0.0,0.345919,0.684307,,,,,,,,,,,,,,,,,,,,,,,,
nominal_business_window,reference_9258,9258a6ade8c94e863a450a3f5eec95dff9c9ee2b,1000,True,120.00013054399824,9915,82.62491011511567,19200000,19297000,160808.15839550045,1.723336,2.613764,,,,,,,,,,,,,,,,,,,,,,,,
nominal_business_window,current_68,68f32db439f445b8f72faf92dc62fbc5b9dce738,100,False,120.00012209399938,181,1.5083317986811526,0,0,0.0,0.230586,0.309926,,,,,,,,,,,,,,,,,,,,,,,,
nominal_business_window,current_68,68f32db439f445b8f72faf92dc62fbc5b9dce738,100,True,120.00012799799879,5572,46.43328380527163,19200000,19280000,160666.49529175108,0.508934,0.677798,,,,,,,,,,,,,,,,,,,,,,,,
nominal_business_window,current_68,68f32db439f445b8f72faf92dc62fbc5b9dce738,500,False,120.00012311399769,242,2.0166645976696613,0,0,0.0,0.260331,0.468213,,,,,,,,,,,,,,,,,,,,,,,,
nominal_business_window,current_68,68f32db439f445b8f72faf92dc62fbc5b9dce738,500,True,120.00011971300046,7487,62.39160442428192,19200000,18715000,155958.17774815497,0.638057,0.956516,,,,,,,,,,,,,,,,,,,,,,,,
nominal_business_window,current_68,68f32db439f445b8f72faf92dc62fbc5b9dce738,1000,False,120.00012146599693,362,3.0166636131495568,0,0,0.0,0.281262,0.595865,,,,,,,,,,,,,,,,,,,,,,,,
nominal_business_window,current_68,68f32db439f445b8f72faf92dc62fbc5b9dce738,1000,True,120.00010266500249,9970,83.08326225213895,19200000,19389000,161574.86176597013,1.166462,2.022175,,,,,,,,,,,,,,,,,,,,,,,,
observed_sidecar_window,original_monitor,87bf217fcaffcceb2629c36bb54d5158b9f461e8,500,,45.99553737600036,26217,569.9900793784303,,,,,,baseline_500_active_late_tail,True,2026-10-06T10:00:21.189569+00:00,2026-10-06T10:01:07.193350+00:00,,,,,,,,,,,,,,,,,,,,
observed_sidecar_window,original_monitor,87bf217fcaffcceb2629c36bb54d5158b9f461e8,1000,,118.00020071000017,862,7.305072320329944,,,,,,baseline_1000_off_post_reset,True,2026-10-06T10:01:27.189856+00:00,2026-10-06T10:03:25.192562+00:00,,,,,,,,,,,,,,,,,,,,
observed_sidecar_window,original_monitor,87bf217fcaffcceb2629c36bb54d5158b9f461e8,1000,,117.99889229400014,75994,644.0229948147067,,,,,,baseline_1000_active_post_reset,True,2026-10-06T10:03:31.189909+00:00,2026-10-06T10:05:29.191859+00:00,,,,,,,,,,,,,,,,,,,,
observed_sidecar_window,reference_monitor,75392af252744f240253d134d1da565a49b2cc9f,100,,111.9991530619991,170,1.517868620898352,,,,,,reference_753_100_off_partial,True,2026-10-06T13:51:46.208404+00:00,2026-10-06T13:53:38.210892+00:00,,,,,,,,,,,,,,,,,,,,
observed_sidecar_window,reference_monitor,75392af252744f240253d134d1da565a49b2cc9f,100,,117.99770734900085,5421,45.94157057616681,,,,,,reference_753_100_active_post_reset,True,2026-10-06T13:53:46.208689+00:00,2026-10-06T13:55:44.211937+00:00,,,,,,,,,,,,,,,,,,,,
observed_sidecar_window,reference_monitor,75392af252744f240253d134d1da565a49b2cc9f,500,,118.0003263969993,238,2.0169435735226258,,,,,,reference_753_500_off_post_reset,True,2026-10-06T13:55:58.208659+00:00,2026-10-06T13:57:56.211410+00:00,,,,,,,,,,,,,,,,,,,,
observed_sidecar_window,reference_monitor,75392af252744f240253d134d1da565a49b2cc9f,500,,118.00006094200216,7404,62.74573030635227,,,,,,reference_753_500_active_post_reset,True,2026-10-06T13:58:04.208698+00:00,2026-10-06T14:00:02.211872+00:00,,,,,,,,,,,,,,,,,,,,
observed_sidecar_window,reference_monitor,75392af252744f240253d134d1da565a49b2cc9f,1000,,118.00004842000271,356,3.0169479145709643,,,,,,reference_753_1000_off_post_reset,True,2026-10-06T14:00:20.208734+00:00,2026-10-06T14:02:18.211567+00:00,,,,,,,,,,,,,,,,,,,,
observed_sidecar_window,reference_monitor,75392af252744f240253d134d1da565a49b2cc9f,1000,,117.99963849300184,9482,80.35617838407484,,,,,,reference_753_1000_active_post_reset,True,2026-10-06T14:02:26.208764+00:00,2026-10-06T14:04:24.211140+00:00,,,,,,,,,,,,,,,,,,,,
observed_sidecar_window,reference_monitor,75392af252744f240253d134d1da565a49b2cc9f,500,,46.00076970900045,2971,64.58587581891479,,,,,,reference_753_500_active_matching_late_24_sample_tail,True,2026-10-06T13:59:16.208664+00:00,2026-10-06T14:00:02.211872+00:00,,,,,,,,,,,,,,,,,,,,
observed_sidecar_window,reference_9258_monitor,9258a6ade8c94e863a450a3f5eec95dff9c9ee2b,100,,72.00025163900136,3322,46.138727634675746,,,,,,reference_9258_100_active_late_tail,False,2026-10-06T16:22:35.430178+00:00,2026-10-06T16:23:47.435028+00:00,,,,,,,,,,,,,,,,,,,,
observed_sidecar_window,reference_9258_monitor,9258a6ade8c94e863a450a3f5eec95dff9c9ee2b,500,,117.99998916500044,238,2.016949337742756,,,,,,reference_9258_500_off_post_reset,True,2026-10-06T16:24:03.430522+00:00,2026-10-06T16:26:01.433440+00:00,,,,,,,,,,,,,,,,,,,,
observed_sidecar_window,reference_9258_monitor,9258a6ade8c94e863a450a3f5eec95dff9c9ee2b,500,,118.00279837700145,7296,61.82904219517203,,,,,,reference_9258_500_active_post_reset,True,2026-10-06T16:26:07.430462+00:00,2026-10-06T16:28:05.435699+00:00,,,,,,,,,,,,,,,,,,,,
observed_sidecar_window,reference_9258_monitor,9258a6ade8c94e863a450a3f5eec95dff9c9ee2b,500,,46.0010084500027,2813,61.15083331395607,,,,,,reference_9258_500_active_matching_late_24_sample_tail,True,2026-10-06T16:27:19.430463+00:00,2026-10-06T16:28:05.435699+00:00,,,,,,,,,,,,,,,,,,,,
observed_sidecar_window,reference_9258_monitor,9258a6ade8c94e863a450a3f5eec95dff9c9ee2b,1000,,117.99805127199943,356,3.016998977206649,,,,,,reference_9258_1000_off_post_reset,True,2026-10-06T16:28:25.430465+00:00,2026-10-06T16:30:23.433103+00:00,,,,,,,,,,,,,,,,,,,,
observed_sidecar_window,reference_9258_monitor,9258a6ade8c94e863a450a3f5eec95dff9c9ee2b,1000,,118.00141320200055,9750,82.6261290897379,,,,,,reference_9258_1000_active_post_reset,True,2026-10-06T16:30:29.430894+00:00,2026-10-06T16:32:27.435036+00:00,,,,,,,,,,,,,,,,,,,,
observed_sidecar_window,current_monitor,68f32db439f445b8f72faf92dc62fbc5b9dce738,100,,117.99775492799745,179,1.5169780146175347,,,,,,current_68_100_off_post_reset,True,2026-10-06T16:49:54.999074+00:00,2026-10-06T16:51:53.001220+00:00,,,,,,,,,,,,,,,,,,,,
observed_sidecar_window,current_monitor,68f32db439f445b8f72faf92dc62fbc5b9dce738,100,,118.00065900499976,5474,46.38957143254652,,,,,,current_68_100_active_post_reset,True,2026-10-06T16:51:58.998900+00:00,2026-10-06T16:53:57.001032+00:00,,,,,,,,,,,,,,,,,,,,
observed_sidecar_window,current_monitor,68f32db439f445b8f72faf92dc62fbc5b9dce738,500,,118.00098782900022,237,2.0084577626031894,,,,,,current_68_500_off_post_reset,True,2026-10-06T16:54:12.998915+00:00,2026-10-06T16:56:11.002081+00:00,,,,,,,,,,,,,,,,,,,,
observed_sidecar_window,current_monitor,68f32db439f445b8f72faf92dc62fbc5b9dce738,500,,117.99964655499934,7363,62.39849198673764,,,,,,current_68_500_active_post_reset,True,2026-10-06T16:56:16.999094+00:00,2026-10-06T16:58:15.000984+00:00,,,,,,,,,,,,,,,,,,,,
observed_sidecar_window,current_monitor,68f32db439f445b8f72faf92dc62fbc5b9dce738,500,,45.99979412099856,2873,62.45680127269303,,,,,,current_68_500_active_matching_late_24_sample_tail,True,2026-10-06T16:57:28.998916+00:00,2026-10-06T16:58:15.000984+00:00,,,,,,,,,,,,,,,,,,,,
observed_sidecar_window,current_monitor,68f32db439f445b8f72faf92dc62fbc5b9dce738,1000,,117.99880641099662,355,3.0085050077838464,,,,,,current_68_1000_off_post_reset,True,2026-10-06T16:58:34.998946+00:00,2026-10-06T17:00:33.001516+00:00,,,,,,,,,,,,,,,,,,,,
observed_sidecar_window,current_monitor,68f32db439f445b8f72faf92dc62fbc5b9dce738,1000,,117.99870389900025,9808,83.11955704526258,,,,,,current_68_1000_active_post_reset,True,2026-10-06T17:00:40.999004+00:00,2026-10-06T17:02:39.001993+00:00,,,,,,,,,,,,,,,,,,,,
descriptive_last_ring_comparison,,,100,,,,,,,,,,,,,,original_87,current_68,False,tick_ms_p50,0.027742,0.069334,149.92430250162215,"Descriptive final bounded-ring snapshots, not complete120s/time-aligned percentiles or causal effects.",,,,,,,,,,,,
descriptive_last_ring_comparison,,,100,,,,,,,,,,,,,,original_87,current_68,False,tick_ms_p95,0.182945,0.230586,26.041159911448798,"Descriptive final bounded-ring snapshots, not complete120s/time-aligned percentiles or causal effects.",,,,,,,,,,,,
descriptive_last_ring_comparison,,,100,,,,,,,,,,,,,,original_87,current_68,False,tick_ms_p99,0.285709,0.309926,8.476106807975947,"Descriptive final bounded-ring snapshots, not complete120s/time-aligned percentiles or causal effects.",,,,,,,,,,,,
descriptive_last_ring_comparison,,,100,,,,,,,,,,,,,,original_87,current_68,False,delivery_ms_p50,0.0,0.0,,"Descriptive final bounded-ring snapshots, not complete120s/time-aligned percentiles or causal effects.",,,,,,,,,,,,
descriptive_last_ring_comparison,,,100,,,,,,,,,,,,,,original_87,current_68,False,delivery_ms_p95,0.0,0.0,,"Descriptive final bounded-ring snapshots, not complete120s/time-aligned percentiles or causal effects.",,,,,,,,,,,,
descriptive_last_ring_comparison,,,100,,,,,,,,,,,,,,original_87,current_68,False,delivery_ms_p99,0.0,0.0,,"Descriptive final bounded-ring snapshots, not complete120s/time-aligned percentiles or causal effects.",,,,,,,,,,,,
descriptive_last_ring_comparison,,,100,,,,,,,,,,,,,,original_87,current_68,False,sql_ms_p50,0.0,0.0,,"Descriptive final bounded-ring snapshots, not complete120s/time-aligned percentiles or causal effects.",,,,,,,,,,,,
descriptive_last_ring_comparison,,,100,,,,,,,,,,,,,,original_87,current_68,False,sql_ms_p95,0.0,0.0,,"Descriptive final bounded-ring snapshots, not complete120s/time-aligned percentiles or causal effects.",,,,,,,,,,,,
descriptive_last_ring_comparison,,,100,,,,,,,,,,,,,,original_87,current_68,False,sql_ms_p99,0.0,0.0,,"Descriptive final bounded-ring snapshots, not complete120s/time-aligned percentiles or causal effects.",,,,,,,,,,,,
descriptive_last_ring_comparison,,,100,,,,,,,,,,,,,,original_87,current_68,True,tick_ms_p50,0.166199,0.248654,49.61221186649738,"Descriptive final bounded-ring snapshots, not complete120s/time-aligned percentiles or causal effects.",,,,,,,,,,,,
descriptive_last_ring_comparison,,,100,,,,,,,,,,,,,,original_87,current_68,True,tick_ms_p95,0.367662,0.508934,38.424422431472394,"Descriptive final bounded-ring snapshots, not complete120s/time-aligned percentiles or causal effects.",,,,,,,,,,,,
descriptive_last_ring_comparison,,,100,,,,,,,,,,,,,,original_87,current_68,True,tick_ms_p99,0.813862,0.677798,-16.71831342414316,"Descriptive final bounded-ring snapshots, not complete120s/time-aligned percentiles or causal effects.",,,,,,,,,,,,
descriptive_last_ring_comparison,,,100,,,,,,,,,,,,,,original_87,current_68,True,delivery_ms_p50,48.810739,99.849566,104.56474957283478,"Descriptive final bounded-ring snapshots, not complete120s/time-aligned percentiles or causal effects.",,,,,,,,,,,,
descriptive_last_ring_comparison,,,100,,,,,,,,,,,,,,original_87,current_68,True,delivery_ms_p95,105.561994,149.806578,41.91336514541399,"Descriptive final bounded-ring snapshots, not complete120s/time-aligned percentiles or causal effects.",,,,,,,,,,,,
descriptive_last_ring_comparison,,,100,,,,,,,,,,,,,,original_87,current_68,True,delivery_ms_p99,133.777117,149.908322,12.058269277846678,"Descriptive final bounded-ring snapshots, not complete120s/time-aligned percentiles or causal effects.",,,,,,,,,,,,
descriptive_last_ring_comparison,,,100,,,,,,,,,,,,,,original_87,current_68,True,sql_ms_p50,15.120852,29.523962,95.25329657349997,"Descriptive final bounded-ring snapshots, not complete120s/time-aligned percentiles or causal effects.",,,,,,,,,,,,
descriptive_last_ring_comparison,,,100,,,,,,,,,,,,,,original_87,current_68,True,sql_ms_p95,23.749328,48.015842,102.1776868802351,"Descriptive final bounded-ring snapshots, not complete120s/time-aligned percentiles or causal effects.",,,,,,,,,,,,
descriptive_last_ring_comparison,,,100,,,,,,,,,,,,,,original_87,current_68,True,sql_ms_p99,30.432539,60.591822,99.10209266469683,"Descriptive final bounded-ring snapshots, not complete120s/time-aligned percentiles or causal effects.",,,,,,,,,,,,
descriptive_last_ring_comparison,,,500,,,,,,,,,,,,,,original_87,current_68,False,tick_ms_p50,0.094342,0.165609,75.54111636386764,"Descriptive final bounded-ring snapshots, not complete120s/time-aligned percentiles or causal effects.",,,,,,,,,,,,
descriptive_last_ring_comparison,,,500,,,,,,,,,,,,,,original_87,current_68,False,tick_ms_p95,0.265308,0.260331,-1.8759328780134865,"Descriptive final bounded-ring snapshots, not complete120s/time-aligned percentiles or causal effects.",,,,,,,,,,,,
descriptive_last_ring_comparison,,,500,,,,,,,,,,,,,,original_87,current_68,False,tick_ms_p99,0.555844,0.468213,-15.765394607119987,"Descriptive final bounded-ring snapshots, not complete120s/time-aligned percentiles or causal effects.",,,,,,,,,,,,
descriptive_last_ring_comparison,,,500,,,,,,,,,,,,,,original_87,current_68,False,delivery_ms_p50,0.0,0.0,,"Descriptive final bounded-ring snapshots, not complete120s/time-aligned percentiles or causal effects.",,,,,,,,,,,,
descriptive_last_ring_comparison,,,500,,,,,,,,,,,,,,original_87,current_68,False,delivery_ms_p95,0.0,0.0,,"Descriptive final bounded-ring snapshots, not complete120s/time-aligned percentiles or causal effects.",,,,,,,,,,,,
descriptive_last_ring_comparison,,,500,,,,,,,,,,,,,,original_87,current_68,False,delivery_ms_p99,0.0,0.0,,"Descriptive final bounded-ring snapshots, not complete120s/time-aligned percentiles or causal effects.",,,,,,,,,,,,
descriptive_last_ring_comparison,,,500,,,,,,,,,,,,,,original_87,current_68,False,sql_ms_p50,0.0,0.0,,"Descriptive final bounded-ring snapshots, not complete120s/time-aligned percentiles or causal effects.",,,,,,,,,,,,
descriptive_last_ring_comparison,,,500,,,,,,,,,,,,,,original_87,current_68,False,sql_ms_p95,0.0,0.0,,"Descriptive final bounded-ring snapshots, not complete120s/time-aligned percentiles or causal effects.",,,,,,,,,,,,
descriptive_last_ring_comparison,,,500,,,,,,,,,,,,,,original_87,current_68,False,sql_ms_p99,0.0,0.0,,"Descriptive final bounded-ring snapshots, not complete120s/time-aligned percentiles or causal effects.",,,,,,,,,,,,
descriptive_last_ring_comparison,,,500,,,,,,,,,,,,,,original_87,current_68,True,tick_ms_p50,0.182825,0.366611,100.5256392725284,"Descriptive final bounded-ring snapshots, not complete120s/time-aligned percentiles or causal effects.",,,,,,,,,,,,
descriptive_last_ring_comparison,,,500,,,,,,,,,,,,,,original_87,current_68,True,tick_ms_p95,0.46723,0.638057,36.56165057894398,"Descriptive final bounded-ring snapshots, not complete120s/time-aligned percentiles or causal effects.",,,,,,,,,,,,
descriptive_last_ring_comparison,,,500,,,,,,,,,,,,,,original_87,current_68,True,tick_ms_p99,0.826755,0.956516,15.695218051296944,"Descriptive final bounded-ring snapshots, not complete120s/time-aligned percentiles or causal effects.",,,,,,,,,,,,
descriptive_last_ring_comparison,,,500,,,,,,,,,,,,,,original_87,current_68,True,delivery_ms_p50,464.309203,99.829812,-78.49928208293558,"Descriptive final bounded-ring snapshots, not complete120s/time-aligned percentiles or causal effects.",,,,,,,,,,,,
descriptive_last_ring_comparison,,,500,,,,,,,,,,,,,,original_87,current_68,True,delivery_ms_p95,651.167752,149.887878,-76.9816798298697,"Descriptive final bounded-ring snapshots, not complete120s/time-aligned percentiles or causal effects.",,,,,,,,,,,,
descriptive_last_ring_comparison,,,500,,,,,,,,,,,,,,original_87,current_68,True,delivery_ms_p99,771.516151,150.013017,-80.55607561739819,"Descriptive final bounded-ring snapshots, not complete120s/time-aligned percentiles or causal effects.",,,,,,,,,,,,
descriptive_last_ring_comparison,,,500,,,,,,,,,,,,,,original_87,current_68,True,sql_ms_p50,15.335491,34.14334,122.64262683209819,"Descriptive final bounded-ring snapshots, not complete120s/time-aligned percentiles or causal effects.",,,,,,,,,,,,
descriptive_last_ring_comparison,,,500,,,,,,,,,,,,,,original_87,current_68,True,sql_ms_p95,25.88023,75.306164,190.97950056858068,"Descriptive final bounded-ring snapshots, not complete120s/time-aligned percentiles or causal effects.",,,,,,,,,,,,
descriptive_last_ring_comparison,,,500,,,,,,,,,,,,,,original_87,current_68,True,sql_ms_p99,38.043735,88.598397,132.88564332602994,"Descriptive final bounded-ring snapshots, not complete120s/time-aligned percentiles or causal effects.",,,,,,,,,,,,
descriptive_last_ring_comparison,,,1000,,,,,,,,,,,,,,original_87,current_68,False,tick_ms_p50,0.152709,0.185469,21.452566646366613,"Descriptive final bounded-ring snapshots, not complete120s/time-aligned percentiles or causal effects.",,,,,,,,,,,,
descriptive_last_ring_comparison,,,1000,,,,,,,,,,,,,,original_87,current_68,False,tick_ms_p95,0.394041,0.281262,-28.621133333840888,"Descriptive final bounded-ring snapshots, not complete120s/time-aligned percentiles or causal effects.",,,,,,,,,,,,
descriptive_last_ring_comparison,,,1000,,,,,,,,,,,,,,original_87,current_68,False,tick_ms_p99,0.802695,0.595865,-25.766947595288382,"Descriptive final bounded-ring snapshots, not complete120s/time-aligned percentiles or causal effects.",,,,,,,,,,,,
descriptive_last_ring_comparison,,,1000,,,,,,,,,,,,,,original_87,current_68,False,delivery_ms_p50,0.0,0.0,,"Descriptive final bounded-ring snapshots, not complete120s/time-aligned percentiles or causal effects.",,,,,,,,,,,,
descriptive_last_ring_comparison,,,1000,,,,,,,,,,,,,,original_87,current_68,False,delivery_ms_p95,0.0,0.0,,"Descriptive final bounded-ring snapshots, not complete120s/time-aligned percentiles or causal effects.",,,,,,,,,,,,
descriptive_last_ring_comparison,,,1000,,,,,,,,,,,,,,original_87,current_68,False,delivery_ms_p99,0.0,0.0,,"Descriptive final bounded-ring snapshots, not complete120s/time-aligned percentiles or causal effects.",,,,,,,,,,,,
descriptive_last_ring_comparison,,,1000,,,,,,,,,,,,,,original_87,current_68,False,sql_ms_p50,0.0,0.0,,"Descriptive final bounded-ring snapshots, not complete120s/time-aligned percentiles or causal effects.",,,,,,,,,,,,
descriptive_last_ring_comparison,,,1000,,,,,,,,,,,,,,original_87,current_68,False,sql_ms_p95,0.0,0.0,,"Descriptive final bounded-ring snapshots, not complete120s/time-aligned percentiles or causal effects.",,,,,,,,,,,,
descriptive_last_ring_comparison,,,1000,,,,,,,,,,,,,,original_87,current_68,False,sql_ms_p99,0.0,0.0,,"Descriptive final bounded-ring snapshots, not complete120s/time-aligned percentiles or causal effects.",,,,,,,,,,,,
descriptive_last_ring_comparison,,,1000,,,,,,,,,,,,,,original_87,current_68,True,tick_ms_p50,0.20004,0.563576,181.73165366926614,"Descriptive final bounded-ring snapshots, not complete120s/time-aligned percentiles or causal effects.",,,,,,,,,,,,
descriptive_last_ring_comparison,,,1000,,,,,,,,,,,,,,original_87,current_68,True,tick_ms_p95,0.576145,1.166462,102.45979744682327,"Descriptive final bounded-ring snapshots, not complete120s/time-aligned percentiles or causal effects.",,,,,,,,,,,,
descriptive_last_ring_comparison,,,1000,,,,,,,,,,,,,,original_87,current_68,True,tick_ms_p99,1.117527,2.022175,80.9508853029949,"Descriptive final bounded-ring snapshots, not complete120s/time-aligned percentiles or causal effects.",,,,,,,,,,,,
descriptive_last_ring_comparison,,,1000,,,,,,,,,,,,,,original_87,current_68,True,delivery_ms_p50,439.30862,149.538882,-65.96040341753367,"Descriptive final bounded-ring snapshots, not complete120s/time-aligned percentiles or causal effects.",,,,,,,,,,,,
descriptive_last_ring_comparison,,,1000,,,,,,,,,,,,,,original_87,current_68,True,delivery_ms_p95,530.841954,199.637717,-62.392249614844864,"Descriptive final bounded-ring snapshots, not complete120s/time-aligned percentiles or causal effects.",,,,,,,,,,,,
descriptive_last_ring_comparison,,,1000,,,,,,,,,,,,,,original_87,current_68,True,delivery_ms_p99,1533.782162,200.040516,-86.95769706050343,"Descriptive final bounded-ring snapshots, not complete120s/time-aligned percentiles or causal effects.",,,,,,,,,,,,
descriptive_last_ring_comparison,,,1000,,,,,,,,,,,,,,original_87,current_68,True,sql_ms_p50,13.337773,39.770359,198.17840654508063,"Descriptive final bounded-ring snapshots, not complete120s/time-aligned percentiles or causal effects.",,,,,,,,,,,,
descriptive_last_ring_comparison,,,1000,,,,,,,,,,,,,,original_87,current_68,True,sql_ms_p95,19.868087,90.907237,357.5540513789777,"Descriptive final bounded-ring snapshots, not complete120s/time-aligned percentiles or causal effects.",,,,,,,,,,,,
descriptive_last_ring_comparison,,,1000,,,,,,,,,,,,,,original_87,current_68,True,sql_ms_p99,27.0626,111.617145,312.4405822057009,"Descriptive final bounded-ring snapshots, not complete120s/time-aligned percentiles or causal effects.",,,,,,,,,,,,
descriptive_last_ring_comparison,,,100,,,,,,,,,,,,,,reference_753,current_68,False,tick_ms_p50,0.078929,0.069334,-12.156495077854768,"Descriptive final bounded-ring snapshots, not complete120s/time-aligned percentiles or causal effects.",,,,,,,,,,,,
descriptive_last_ring_comparison,,,100,,,,,,,,,,,,,,reference_753,current_68,False,tick_ms_p95,0.2796,0.230586,-17.530042918454935,"Descriptive final bounded-ring snapshots, not complete120s/time-aligned percentiles or causal effects.",,,,,,,,,,,,
descriptive_last_ring_comparison,,,100,,,,,,,,,,,,,,reference_753,current_68,False,tick_ms_p99,0.436686,0.309926,-29.02772243671655,"Descriptive final bounded-ring snapshots, not complete120s/time-aligned percentiles or causal effects.",,,,,,,,,,,,
descriptive_last_ring_comparison,,,100,,,,,,,,,,,,,,reference_753,current_68,False,delivery_ms_p50,0.0,0.0,,"Descriptive final bounded-ring snapshots, not complete120s/time-aligned percentiles or causal effects.",,,,,,,,,,,,
descriptive_last_ring_comparison,,,100,,,,,,,,,,,,,,reference_753,current_68,False,delivery_ms_p95,0.0,0.0,,"Descriptive final bounded-ring snapshots, not complete120s/time-aligned percentiles or causal effects.",,,,,,,,,,,,
descriptive_last_ring_comparison,,,100,,,,,,,,,,,,,,reference_753,current_68,False,delivery_ms_p99,0.0,0.0,,"Descriptive final bounded-ring snapshots, not complete120s/time-aligned percentiles or causal effects.",,,,,,,,,,,,
descriptive_last_ring_comparison,,,100,,,,,,,,,,,,,,reference_753,current_68,False,sql_ms_p50,0.0,0.0,,"Descriptive final bounded-ring snapshots, not complete120s/time-aligned percentiles or causal effects.",,,,,,,,,,,,
descriptive_last_ring_comparison,,,100,,,,,,,,,,,,,,reference_753,current_68,False,sql_ms_p95,0.0,0.0,,"Descriptive final bounded-ring snapshots, not complete120s/time-aligned percentiles or causal effects.",,,,,,,,,,,,
descriptive_last_ring_comparison,,,100,,,,,,,,,,,,,,reference_753,current_68,False,sql_ms_p99,0.0,0.0,,"Descriptive final bounded-ring snapshots, not complete120s/time-aligned percentiles or causal effects.",,,,,,,,,,,,
descriptive_last_ring_comparison,,,100,,,,,,,,,,,,,,reference_753,current_68,True,tick_ms_p50,0.437256,0.248654,-43.133084508846075,"Descriptive final bounded-ring snapshots, not complete120s/time-aligned percentiles or causal effects.",,,,,,,,,,,,
descriptive_last_ring_comparison,,,100,,,,,,,,,,,,,,reference_753,current_68,True,tick_ms_p95,0.717687,0.508934,-29.08691393323273,"Descriptive final bounded-ring snapshots, not complete120s/time-aligned percentiles or causal effects.",,,,,,,,,,,,
descriptive_last_ring_comparison,,,100,,,,,,,,,,,,,,reference_753,current_68,True,tick_ms_p99,1.131528,0.677798,-40.098875149355564,"Descriptive final bounded-ring snapshots, not complete120s/time-aligned percentiles or causal effects.",,,,,,,,,,,,
descriptive_last_ring_comparison,,,100,,,,,,,,,,,,,,reference_753,current_68,True,delivery_ms_p50,99.651209,99.849566,0.19905127292534353,"Descriptive final bounded-ring snapshots, not complete120s/time-aligned percentiles or causal effects.",,,,,,,,,,,,
descriptive_last_ring_comparison,,,100,,,,,,,,,,,,,,reference_753,current_68,True,delivery_ms_p95,149.637564,149.806578,0.11294891167834553,"Descriptive final bounded-ring snapshots, not complete120s/time-aligned percentiles or causal effects.",,,,,,,,,,,,
descriptive_last_ring_comparison,,,100,,,,,,,,,,,,,,reference_753,current_68,True,delivery_ms_p99,149.989691,149.908322,-0.054249728402999686,"Descriptive final bounded-ring snapshots, not complete120s/time-aligned percentiles or causal effects.",,,,,,,,,,,,
descriptive_last_ring_comparison,,,100,,,,,,,,,,,,,,reference_753,current_68,True,sql_ms_p50,31.342687,29.523962,-5.8027092571865335,"Descriptive final bounded-ring snapshots, not complete120s/time-aligned percentiles or causal effects.",,,,,,,,,,,,
descriptive_last_ring_comparison,,,100,,,,,,,,,,,,,,reference_753,current_68,True,sql_ms_p95,49.851735,48.015842,-3.682706329077612,"Descriptive final bounded-ring snapshots, not complete120s/time-aligned percentiles or causal effects.",,,,,,,,,,,,
descriptive_last_ring_comparison,,,100,,,,,,,,,,,,,,reference_753,current_68,True,sql_ms_p99,60.437642,60.591822,0.2551059156146396,"Descriptive final bounded-ring snapshots, not complete120s/time-aligned percentiles or causal effects.",,,,,,,,,,,,
descriptive_last_ring_comparison,,,500,,,,,,,,,,,,,,reference_753,current_68,False,tick_ms_p50,0.175273,0.165609,-5.51368436667371,"Descriptive final bounded-ring snapshots, not complete120s/time-aligned percentiles or causal effects.",,,,,,,,,,,,
descriptive_last_ring_comparison,,,500,,,,,,,,,,,,,,reference_753,current_68,False,tick_ms_p95,0.315714,0.260331,-17.542142572074727,"Descriptive final bounded-ring snapshots, not complete120s/time-aligned percentiles or causal effects.",,,,,,,,,,,,
descriptive_last_ring_comparison,,,500,,,,,,,,,,,,,,reference_753,current_68,False,tick_ms_p99,0.462414,0.468213,1.2540710272612943,"Descriptive final bounded-ring snapshots, not complete120s/time-aligned percentiles or causal effects.",,,,,,,,,,,,
descriptive_last_ring_comparison,,,500,,,,,,,,,,,,,,reference_753,current_68,False,delivery_ms_p50,0.0,0.0,,"Descriptive final bounded-ring snapshots, not complete120s/time-aligned percentiles or causal effects.",,,,,,,,,,,,
descriptive_last_ring_comparison,,,500,,,,,,,,,,,,,,reference_753,current_68,False,delivery_ms_p95,0.0,0.0,,"Descriptive final bounded-ring snapshots, not complete120s/time-aligned percentiles or causal effects.",,,,,,,,,,,,
descriptive_last_ring_comparison,,,500,,,,,,,,,,,,,,reference_753,current_68,False,delivery_ms_p99,0.0,0.0,,"Descriptive final bounded-ring snapshots, not complete120s/time-aligned percentiles or causal effects.",,,,,,,,,,,,
descriptive_last_ring_comparison,,,500,,,,,,,,,,,,,,reference_753,current_68,False,sql_ms_p50,0.0,0.0,,"Descriptive final bounded-ring snapshots, not complete120s/time-aligned percentiles or causal effects.",,,,,,,,,,,,
descriptive_last_ring_comparison,,,500,,,,,,,,,,,,,,reference_753,current_68,False,sql_ms_p95,0.0,0.0,,"Descriptive final bounded-ring snapshots, not complete120s/time-aligned percentiles or causal effects.",,,,,,,,,,,,
descriptive_last_ring_comparison,,,500,,,,,,,,,,,,,,reference_753,current_68,False,sql_ms_p99,0.0,0.0,,"Descriptive final bounded-ring snapshots, not complete120s/time-aligned percentiles or causal effects.",,,,,,,,,,,,
descriptive_last_ring_comparison,,,500,,,,,,,,,,,,,,reference_753,current_68,True,tick_ms_p50,0.845248,0.366611,-56.62681248580298,"Descriptive final bounded-ring snapshots, not complete120s/time-aligned percentiles or causal effects.",,,,,,,,,,,,
descriptive_last_ring_comparison,,,500,,,,,,,,,,,,,,reference_753,current_68,True,tick_ms_p95,1.590095,0.638057,-59.87302645439423,"Descriptive final bounded-ring snapshots, not complete120s/time-aligned percentiles or causal effects.",,,,,,,,,,,,
descriptive_last_ring_comparison,,,500,,,,,,,,,,,,,,reference_753,current_68,True,tick_ms_p99,2.401132,0.956516,-60.163956000752975,"Descriptive final bounded-ring snapshots, not complete120s/time-aligned percentiles or causal effects.",,,,,,,,,,,,
descriptive_last_ring_comparison,,,500,,,,,,,,,,,,,,reference_753,current_68,True,delivery_ms_p50,99.515106,99.829812,0.31623942600231825,"Descriptive final bounded-ring snapshots, not complete120s/time-aligned percentiles or causal effects.",,,,,,,,,,,,
descriptive_last_ring_comparison,,,500,,,,,,,,,,,,,,reference_753,current_68,True,delivery_ms_p95,149.505011,149.887878,0.2560897440420984,"Descriptive final bounded-ring snapshots, not complete120s/time-aligned percentiles or causal effects.",,,,,,,,,,,,
descriptive_last_ring_comparison,,,500,,,,,,,,,,,,,,reference_753,current_68,True,delivery_ms_p99,149.5445,150.013017,0.31329604231515873,"Descriptive final bounded-ring snapshots, not complete120s/time-aligned percentiles or causal effects.",,,,,,,,,,,,
descriptive_last_ring_comparison,,,500,,,,,,,,,,,,,,reference_753,current_68,True,sql_ms_p50,32.799393,34.14334,4.097475218520041,"Descriptive final bounded-ring snapshots, not complete120s/time-aligned percentiles or causal effects.",,,,,,,,,,,,
descriptive_last_ring_comparison,,,500,,,,,,,,,,,,,,reference_753,current_68,True,sql_ms_p95,69.331877,75.306164,8.616941093344387,"Descriptive final bounded-ring snapshots, not complete120s/time-aligned percentiles or causal effects.",,,,,,,,,,,,
descriptive_last_ring_comparison,,,500,,,,,,,,,,,,,,reference_753,current_68,True,sql_ms_p99,86.455052,88.598397,2.4791437289286566,"Descriptive final bounded-ring snapshots, not complete120s/time-aligned percentiles or causal effects.",,,,,,,,,,,,
descriptive_last_ring_comparison,,,1000,,,,,,,,,,,,,,reference_753,current_68,False,tick_ms_p50,0.211687,0.185469,-12.385266927114081,"Descriptive final bounded-ring snapshots, not complete120s/time-aligned percentiles or causal effects.",,,,,,,,,,,,
descriptive_last_ring_comparison,,,1000,,,,,,,,,,,,,,reference_753,current_68,False,tick_ms_p95,0.415063,0.281262,-32.2363111142164,"Descriptive final bounded-ring snapshots, not complete120s/time-aligned percentiles or causal effects.",,,,,,,,,,,,
descriptive_last_ring_comparison,,,1000,,,,,,,,,,,,,,reference_753,current_68,False,tick_ms_p99,0.791077,0.595865,-24.67673816834518,"Descriptive final bounded-ring snapshots, not complete120s/time-aligned percentiles or causal effects.",,,,,,,,,,,,
descriptive_last_ring_comparison,,,1000,,,,,,,,,,,,,,reference_753,current_68,False,delivery_ms_p50,0.0,0.0,,"Descriptive final bounded-ring snapshots, not complete120s/time-aligned percentiles or causal effects.",,,,,,,,,,,,
descriptive_last_ring_comparison,,,1000,,,,,,,,,,,,,,reference_753,current_68,False,delivery_ms_p95,0.0,0.0,,"Descriptive final bounded-ring snapshots, not complete120s/time-aligned percentiles or causal effects.",,,,,,,,,,,,
descriptive_last_ring_comparison,,,1000,,,,,,,,,,,,,,reference_753,current_68,False,delivery_ms_p99,0.0,0.0,,"Descriptive final bounded-ring snapshots, not complete120s/time-aligned percentiles or causal effects.",,,,,,,,,,,,
descriptive_last_ring_comparison,,,1000,,,,,,,,,,,,,,reference_753,current_68,False,sql_ms_p50,0.0,0.0,,"Descriptive final bounded-ring snapshots, not complete120s/time-aligned percentiles or causal effects.",,,,,,,,,,,,
descriptive_last_ring_comparison,,,1000,,,,,,,,,,,,,,reference_753,current_68,False,sql_ms_p95,0.0,0.0,,"Descriptive final bounded-ring snapshots, not complete120s/time-aligned percentiles or causal effects.",,,,,,,,,,,,
descriptive_last_ring_comparison,,,1000,,,,,,,,,,,,,,reference_753,current_68,False,sql_ms_p99,0.0,0.0,,"Descriptive final bounded-ring snapshots, not complete120s/time-aligned percentiles or causal effects.",,,,,,,,,,,,
descriptive_last_ring_comparison,,,1000,,,,,,,,,,,,,,reference_753,current_68,True,tick_ms_p50,1.235104,0.563576,-54.37015830245875,"Descriptive final bounded-ring snapshots, not complete120s/time-aligned percentiles or causal effects.",,,,,,,,,,,,
descriptive_last_ring_comparison,,,1000,,,,,,,,,,,,,,reference_753,current_68,True,tick_ms_p95,2.668976,1.166462,-56.2955230770153,"Descriptive final bounded-ring snapshots, not complete120s/time-aligned percentiles or causal effects.",,,,,,,,,,,,
descriptive_last_ring_comparison,,,1000,,,,,,,,,,,,,,reference_753,current_68,True,tick_ms_p99,4.510519,2.022175,-55.16757605942909,"Descriptive final bounded-ring snapshots, not complete120s/time-aligned percentiles or causal effects.",,,,,,,,,,,,
descriptive_last_ring_comparison,,,1000,,,,,,,,,,,,,,reference_753,current_68,True,delivery_ms_p50,148.930313,149.538882,0.408626684347313,"Descriptive final bounded-ring snapshots, not complete120s/time-aligned percentiles or causal effects.",,,,,,,,,,,,
descriptive_last_ring_comparison,,,1000,,,,,,,,,,,,,,reference_753,current_68,True,delivery_ms_p95,199.337021,199.637717,0.15084804543157304,"Descriptive final bounded-ring snapshots, not complete120s/time-aligned percentiles or causal effects.",,,,,,,,,,,,
descriptive_last_ring_comparison,,,1000,,,,,,,,,,,,,,reference_753,current_68,True,delivery_ms_p99,248.762647,200.040516,-19.58579054676163,"Descriptive final bounded-ring snapshots, not complete120s/time-aligned percentiles or causal effects.",,,,,,,,,,,,
descriptive_last_ring_comparison,,,1000,,,,,,,,,,,,,,reference_753,current_68,True,sql_ms_p50,40.557188,39.770359,-1.9400482104429906,"Descriptive final bounded-ring snapshots, not complete120s/time-aligned percentiles or causal effects.",,,,,,,,,,,,
descriptive_last_ring_comparison,,,1000,,,,,,,,,,,,,,reference_753,current_68,True,sql_ms_p95,96.681205,90.907237,-5.972172150729826,"Descriptive final bounded-ring snapshots, not complete120s/time-aligned percentiles or causal effects.",,,,,,,,,,,,
descriptive_last_ring_comparison,,,1000,,,,,,,,,,,,,,reference_753,current_68,True,sql_ms_p99,125.372929,111.617145,-10.971893302420977,"Descriptive final bounded-ring snapshots, not complete120s/time-aligned percentiles or causal effects.",,,,,,,,,,,,
descriptive_last_ring_comparison,,,100,,,,,,,,,,,,,,reference_9258,current_68,False,tick_ms_p50,0.088903,0.069334,-22.01163065363373,"Descriptive final bounded-ring snapshots, not complete120s/time-aligned percentiles or causal effects.",,,,,,,,,,,,
descriptive_last_ring_comparison,,,100,,,,,,,,,,,,,,reference_9258,current_68,False,tick_ms_p95,0.289885,0.230586,-20.45604291356917,"Descriptive final bounded-ring snapshots, not complete120s/time-aligned percentiles or causal effects.",,,,,,,,,,,,
descriptive_last_ring_comparison,,,100,,,,,,,,,,,,,,reference_9258,current_68,False,tick_ms_p99,0.442094,0.309926,-29.895904490900126,"Descriptive final bounded-ring snapshots, not complete120s/time-aligned percentiles or causal effects.",,,,,,,,,,,,
descriptive_last_ring_comparison,,,100,,,,,,,,,,,,,,reference_9258,current_68,False,delivery_ms_p50,0.0,0.0,,"Descriptive final bounded-ring snapshots, not complete120s/time-aligned percentiles or causal effects.",,,,,,,,,,,,
descriptive_last_ring_comparison,,,100,,,,,,,,,,,,,,reference_9258,current_68,False,delivery_ms_p95,0.0,0.0,,"Descriptive final bounded-ring snapshots, not complete120s/time-aligned percentiles or causal effects.",,,,,,,,,,,,
descriptive_last_ring_comparison,,,100,,,,,,,,,,,,,,reference_9258,current_68,False,delivery_ms_p99,0.0,0.0,,"Descriptive final bounded-ring snapshots, not complete120s/time-aligned percentiles or causal effects.",,,,,,,,,,,,
descriptive_last_ring_comparison,,,100,,,,,,,,,,,,,,reference_9258,current_68,False,sql_ms_p50,0.0,0.0,,"Descriptive final bounded-ring snapshots, not complete120s/time-aligned percentiles or causal effects.",,,,,,,,,,,,
descriptive_last_ring_comparison,,,100,,,,,,,,,,,,,,reference_9258,current_68,False,sql_ms_p95,0.0,0.0,,"Descriptive final bounded-ring snapshots, not complete120s/time-aligned percentiles or causal effects.",,,,,,,,,,,,
descriptive_last_ring_comparison,,,100,,,,,,,,,,,,,,reference_9258,current_68,False,sql_ms_p99,0.0,0.0,,"Descriptive final bounded-ring snapshots, not complete120s/time-aligned percentiles or causal effects.",,,,,,,,,,,,
descriptive_last_ring_comparison,,,100,,,,,,,,,,,,,,reference_9258,current_68,True,tick_ms_p50,0.315333,0.248654,-21.14558260632411,"Descriptive final bounded-ring snapshots, not complete120s/time-aligned percentiles or causal effects.",,,,,,,,,,,,
descriptive_last_ring_comparison,,,100,,,,,,,,,,,,,,reference_9258,current_68,True,tick_ms_p95,0.56642,0.508934,-10.149006037922392,"Descriptive final bounded-ring snapshots, not complete120s/time-aligned percentiles or causal effects.",,,,,,,,,,,,
descriptive_last_ring_comparison,,,100,,,,,,,,,,,,,,reference_9258,current_68,True,tick_ms_p99,0.942725,0.677798,-28.102256755681665,"Descriptive final bounded-ring snapshots, not complete120s/time-aligned percentiles or causal effects.",,,,,,,,,,,,
descriptive_last_ring_comparison,,,100,,,,,,,,,,,,,,reference_9258,current_68,True,delivery_ms_p50,99.782539,99.849566,0.0671730752411559,"Descriptive final bounded-ring snapshots, not complete120s/time-aligned percentiles or causal effects.",,,,,,,,,,,,
descriptive_last_ring_comparison,,,100,,,,,,,,,,,,,,reference_9258,current_68,True,delivery_ms_p95,149.786276,149.806578,0.01355397873701314,"Descriptive final bounded-ring snapshots, not complete120s/time-aligned percentiles or causal effects.",,,,,,,,,,,,
descriptive_last_ring_comparison,,,100,,,,,,,,,,,,,,reference_9258,current_68,True,delivery_ms_p99,150.022452,149.908322,-0.07607527971879025,"Descriptive final bounded-ring snapshots, not complete120s/time-aligned percentiles or causal effects.",,,,,,,,,,,,
descriptive_last_ring_comparison,,,100,,,,,,,,,,,,,,reference_9258,current_68,True,sql_ms_p50,30.031276,29.523962,-1.6892855301919196,"Descriptive final bounded-ring snapshots, not complete120s/time-aligned percentiles or causal effects.",,,,,,,,,,,,
descriptive_last_ring_comparison,,,100,,,,,,,,,,,,,,reference_9258,current_68,True,sql_ms_p95,48.495834,48.015842,-0.9897592440620828,"Descriptive final bounded-ring snapshots, not complete120s/time-aligned percentiles or causal effects.",,,,,,,,,,,,
descriptive_last_ring_comparison,,,100,,,,,,,,,,,,,,reference_9258,current_68,True,sql_ms_p99,60.519559,60.591822,0.11940437305566487,"Descriptive final bounded-ring snapshots, not complete120s/time-aligned percentiles or causal effects.",,,,,,,,,,,,
descriptive_last_ring_comparison,,,500,,,,,,,,,,,,,,reference_9258,current_68,False,tick_ms_p50,0.167481,0.165609,-1.1177387285721818,"Descriptive final bounded-ring snapshots, not complete120s/time-aligned percentiles or causal effects.",,,,,,,,,,,,
descriptive_last_ring_comparison,,,500,,,,,,,,,,,,,,reference_9258,current_68,False,tick_ms_p95,0.274863,0.260331,-5.286997522402082,"Descriptive final bounded-ring snapshots, not complete120s/time-aligned percentiles or causal effects.",,,,,,,,,,,,
descriptive_last_ring_comparison,,,500,,,,,,,,,,,,,,reference_9258,current_68,False,tick_ms_p99,0.456295,0.468213,2.6119067708390453,"Descriptive final bounded-ring snapshots, not complete120s/time-aligned percentiles or causal effects.",,,,,,,,,,,,
descriptive_last_ring_comparison,,,500,,,,,,,,,,,,,,reference_9258,current_68,False,delivery_ms_p50,0.0,0.0,,"Descriptive final bounded-ring snapshots, not complete120s/time-aligned percentiles or causal effects.",,,,,,,,,,,,
descriptive_last_ring_comparison,,,500,,,,,,,,,,,,,,reference_9258,current_68,False,delivery_ms_p95,0.0,0.0,,"Descriptive final bounded-ring snapshots, not complete120s/time-aligned percentiles or causal effects.",,,,,,,,,,,,
descriptive_last_ring_comparison,,,500,,,,,,,,,,,,,,reference_9258,current_68,False,delivery_ms_p99,0.0,0.0,,"Descriptive final bounded-ring snapshots, not complete120s/time-aligned percentiles or causal effects.",,,,,,,,,,,,
descriptive_last_ring_comparison,,,500,,,,,,,,,,,,,,reference_9258,current_68,False,sql_ms_p50,0.0,0.0,,"Descriptive final bounded-ring snapshots, not complete120s/time-aligned percentiles or causal effects.",,,,,,,,,,,,
descriptive_last_ring_comparison,,,500,,,,,,,,,,,,,,reference_9258,current_68,False,sql_ms_p95,0.0,0.0,,"Descriptive final bounded-ring snapshots, not complete120s/time-aligned percentiles or causal effects.",,,,,,,,,,,,
descriptive_last_ring_comparison,,,500,,,,,,,,,,,,,,reference_9258,current_68,False,sql_ms_p99,0.0,0.0,,"Descriptive final bounded-ring snapshots, not complete120s/time-aligned percentiles or causal effects.",,,,,,,,,,,,
descriptive_last_ring_comparison,,,500,,,,,,,,,,,,,,reference_9258,current_68,True,tick_ms_p50,0.584958,0.366611,-37.32695338810649,"Descriptive final bounded-ring snapshots, not complete120s/time-aligned percentiles or causal effects.",,,,,,,,,,,,
descriptive_last_ring_comparison,,,500,,,,,,,,,,,,,,reference_9258,current_68,True,tick_ms_p95,1.022004,0.638057,-37.56805257122281,"Descriptive final bounded-ring snapshots, not complete120s/time-aligned percentiles or causal effects.",,,,,,,,,,,,
descriptive_last_ring_comparison,,,500,,,,,,,,,,,,,,reference_9258,current_68,True,tick_ms_p99,1.54584,0.956516,-38.12322103193087,"Descriptive final bounded-ring snapshots, not complete120s/time-aligned percentiles or causal effects.",,,,,,,,,,,,
descriptive_last_ring_comparison,,,500,,,,,,,,,,,,,,reference_9258,current_68,True,delivery_ms_p50,149.202182,99.829812,-33.0909168607199,"Descriptive final bounded-ring snapshots, not complete120s/time-aligned percentiles or causal effects.",,,,,,,,,,,,
descriptive_last_ring_comparison,,,500,,,,,,,,,,,,,,reference_9258,current_68,True,delivery_ms_p95,149.724436,149.887878,0.10916187388410048,"Descriptive final bounded-ring snapshots, not complete120s/time-aligned percentiles or causal effects.",,,,,,,,,,,,
descriptive_last_ring_comparison,,,500,,,,,,,,,,,,,,reference_9258,current_68,True,delivery_ms_p99,151.471111,150.013017,-0.962621842788236,"Descriptive final bounded-ring snapshots, not complete120s/time-aligned percentiles or causal effects.",,,,,,,,,,,,
descriptive_last_ring_comparison,,,500,,,,,,,,,,,,,,reference_9258,current_68,True,sql_ms_p50,35.616643,34.14334,-4.136557732293866,"Descriptive final bounded-ring snapshots, not complete120s/time-aligned percentiles or causal effects.",,,,,,,,,,,,
descriptive_last_ring_comparison,,,500,,,,,,,,,,,,,,reference_9258,current_68,True,sql_ms_p95,78.064459,75.306164,-3.5333556849474923,"Descriptive final bounded-ring snapshots, not complete120s/time-aligned percentiles or causal effects.",,,,,,,,,,,,
descriptive_last_ring_comparison,,,500,,,,,,,,,,,,,,reference_9258,current_68,True,sql_ms_p99,96.187737,88.598397,-7.890132605989053,"Descriptive final bounded-ring snapshots, not complete120s/time-aligned percentiles or causal effects.",,,,,,,,,,,,
descriptive_last_ring_comparison,,,1000,,,,,,,,,,,,,,reference_9258,current_68,False,tick_ms_p50,0.190145,0.185469,-2.459175892082366,"Descriptive final bounded-ring snapshots, not complete120s/time-aligned percentiles or causal effects.",,,,,,,,,,,,
descriptive_last_ring_comparison,,,1000,,,,,,,,,,,,,,reference_9258,current_68,False,tick_ms_p95,0.345919,0.281262,-18.691369944987112,"Descriptive final bounded-ring snapshots, not complete120s/time-aligned percentiles or causal effects.",,,,,,,,,,,,
descriptive_last_ring_comparison,,,1000,,,,,,,,,,,,,,reference_9258,current_68,False,tick_ms_p99,0.684307,0.595865,-12.924316132963721,"Descriptive final bounded-ring snapshots, not complete120s/time-aligned percentiles or causal effects.",,,,,,,,,,,,
descriptive_last_ring_comparison,,,1000,,,,,,,,,,,,,,reference_9258,current_68,False,delivery_ms_p50,0.0,0.0,,"Descriptive final bounded-ring snapshots, not complete120s/time-aligned percentiles or causal effects.",,,,,,,,,,,,
descriptive_last_ring_comparison,,,1000,,,,,,,,,,,,,,reference_9258,current_68,False,delivery_ms_p95,0.0,0.0,,"Descriptive final bounded-ring snapshots, not complete120s/time-aligned percentiles or causal effects.",,,,,,,,,,,,
descriptive_last_ring_comparison,,,1000,,,,,,,,,,,,,,reference_9258,current_68,False,delivery_ms_p99,0.0,0.0,,"Descriptive final bounded-ring snapshots, not complete120s/time-aligned percentiles or causal effects.",,,,,,,,,,,,
descriptive_last_ring_comparison,,,1000,,,,,,,,,,,,,,reference_9258,current_68,False,sql_ms_p50,0.0,0.0,,"Descriptive final bounded-ring snapshots, not complete120s/time-aligned percentiles or causal effects.",,,,,,,,,,,,
descriptive_last_ring_comparison,,,1000,,,,,,,,,,,,,,reference_9258,current_68,False,sql_ms_p95,0.0,0.0,,"Descriptive final bounded-ring snapshots, not complete120s/time-aligned percentiles or causal effects.",,,,,,,,,,,,
descriptive_last_ring_comparison,,,1000,,,,,,,,,,,,,,reference_9258,current_68,False,sql_ms_p99,0.0,0.0,,"Descriptive final bounded-ring snapshots, not complete120s/time-aligned percentiles or causal effects.",,,,,,,,,,,,
descriptive_last_ring_comparison,,,1000,,,,,,,,,,,,,,reference_9258,current_68,True,tick_ms_p50,0.86611,0.563576,-34.930205170243966,"Descriptive final bounded-ring snapshots, not complete120s/time-aligned percentiles or causal effects.",,,,,,,,,,,,
descriptive_last_ring_comparison,,,1000,,,,,,,,,,,,,,reference_9258,current_68,True,tick_ms_p95,1.723336,1.166462,-32.313721758264194,"Descriptive final bounded-ring snapshots, not complete120s/time-aligned percentiles or causal effects.",,,,,,,,,,,,
descriptive_last_ring_comparison,,,1000,,,,,,,,,,,,,,reference_9258,current_68,True,tick_ms_p99,2.613764,2.022175,-22.633604258073813,"Descriptive final bounded-ring snapshots, not complete120s/time-aligned percentiles or causal effects.",,,,,,,,,,,,
descriptive_last_ring_comparison,,,1000,,,,,,,,,,,,,,reference_9258,current_68,True,delivery_ms_p50,149.225654,149.538882,0.20990224643278044,"Descriptive final bounded-ring snapshots, not complete120s/time-aligned percentiles or causal effects.",,,,,,,,,,,,
descriptive_last_ring_comparison,,,1000,,,,,,,,,,,,,,reference_9258,current_68,True,delivery_ms_p95,199.61223,199.637717,0.012768255732620304,"Descriptive final bounded-ring snapshots, not complete120s/time-aligned percentiles or causal effects.",,,,,,,,,,,,
descriptive_last_ring_comparison,,,1000,,,,,,,,,,,,,,reference_9258,current_68,True,delivery_ms_p99,249.666154,200.040516,-19.87679835849917,"Descriptive final bounded-ring snapshots, not complete120s/time-aligned percentiles or causal effects.",,,,,,,,,,,,
descriptive_last_ring_comparison,,,1000,,,,,,,,,,,,,,reference_9258,current_68,True,sql_ms_p50,41.718129,39.770359,-4.6688814831556735,"Descriptive final bounded-ring snapshots, not complete120s/time-aligned percentiles or causal effects.",,,,,,,,,,,,
descriptive_last_ring_comparison,,,1000,,,,,,,,,,,,,,reference_9258,current_68,True,sql_ms_p95,105.600422,90.907237,-13.913945343892664,"Descriptive final bounded-ring snapshots, not complete120s/time-aligned percentiles or causal effects.",,,,,,,,,,,,
descriptive_last_ring_comparison,,,1000,,,,,,,,,,,,,,reference_9258,current_68,True,sql_ms_p99,131.199359,111.617145,-14.925540909083246,"Descriptive final bounded-ring snapshots, not complete120s/time-aligned percentiles or causal effects.",,,,,,,,,,,,
captured_full_business_window_DB_comparison,,,100,,,,,,,,,,,,,,reference_753,current_68,False,,,,,Captured first/final business-window counters and nominal elapsed seconds; capture-time bounds retained per row.,182,181,-0.5494505494505475,1.5166651801325637,1.5083317986811526,-0.5494542606089725,,,,,,
captured_full_business_window_DB_comparison,,,100,,,,,,,,,,,,,,reference_753,current_68,True,,,,,Captured first/final business-window counters and nominal elapsed seconds; capture-time bounds retained per row.,5512,5572,1.0885341074020394,45.93330035896435,46.43328380527163,1.0884988502893433,,,,,,
captured_full_business_window_DB_comparison,,,500,,,,,,,,,,,,,,reference_753,current_68,False,,,,,Captured first/final business-window counters and nominal elapsed seconds; capture-time bounds retained per row.,241,242,0.4149377593360981,2.008331869326332,2.0166645976696613,0.4149079378063414,,,,,,
captured_full_business_window_DB_comparison,,,500,,,,,,,,,,,,,,reference_753,current_68,True,,,,,Captured first/final business-window counters and nominal elapsed seconds; capture-time bounds retained per row.,7517,7487,-0.3990953837967326,62.64161508703899,62.39160442428192,-0.39911273425771165,,,,,,
captured_full_business_window_DB_comparison,,,1000,,,,,,,,,,,,,,reference_753,current_68,False,,,,,Captured first/final business-window counters and nominal elapsed seconds; capture-time bounds retained per row.,362,362,0.0,3.0166640177591253,3.0166636131495568,-1.3412483657049279e-05,,,,,,
captured_full_business_window_DB_comparison,,,1000,,,,,,,,,,,,,,reference_753,current_68,True,,,,,Captured first/final business-window counters and nominal elapsed seconds; capture-time bounds retained per row.,9662,9970,3.187745808321263,80.5166026787793,83.08326225213895,3.1877395319314994,,,,,,
captured_full_business_window_DB_comparison,,,100,,,,,,,,,,,,,,reference_9258,current_68,False,,,,,Captured first/final business-window counters and nominal elapsed seconds; capture-time bounds retained per row.,181,181,0.0,1.508331822563002,1.5083317986811526,-1.5833286126643031e-06,,,,,,
captured_full_business_window_DB_comparison,,,100,,,,,,,,,,,,,,reference_9258,current_68,True,,,,,Captured first/final business-window counters and nominal elapsed seconds; capture-time bounds retained per row.,5596,5572,-0.42887776983560055,46.633294503344096,46.43328380527163,-0.42890106779422954,,,,,,
captured_full_business_window_DB_comparison,,,500,,,,,,,,,,,,,,reference_9258,current_68,False,,,,,Captured first/final business-window counters and nominal elapsed seconds; capture-time bounds retained per row.,242,242,0.0,2.016664827081837,2.0166645976696613,-1.1375820729853103e-05,,,,,,
captured_full_business_window_DB_comparison,,,500,,,,,,,,,,,,,,reference_9258,current_68,True,,,,,Captured first/final business-window counters and nominal elapsed seconds; capture-time bounds retained per row.,7422,7487,0.8757747237941205,61.84994851197839,62.39160442428192,0.8757580650186503,,,,,,
captured_full_business_window_DB_comparison,,,1000,,,,,,,,,,,,,,reference_9258,current_68,False,,,,,Captured first/final business-window counters and nominal elapsed seconds; capture-time bounds retained per row.,362,362,0.0,3.016662937694223,3.0166636131495568,2.239081222654704e-05,,,,,,
captured_full_business_window_DB_comparison,,,1000,,,,,,,,,,,,,,reference_9258,current_68,True,,,,,Captured first/final business-window counters and nominal elapsed seconds; capture-time bounds retained per row.,9915,9970,0.5547150781644028,82.62491011511567,83.08326225213895,0.5547384395150123,,,,,,
observed_DB_rate_comparison,,,,,,,,,,,,,,,,,,,,,,,,"Actual ~118s1000 spans or matched24-point/~46s500 late tails; logical alignment approximate, not complete120s fixed-event comparisons.",,,,,,,baseline_500_active_late_tail,reference_753_500_active_matching_late_24_sample_tail,569.9900793784303,64.58587581891479,-88.66894738074298,
observed_DB_rate_comparison,,,,,,,,,,,,,,,,,,,,,,,,"Actual ~118s1000 spans or matched24-point/~46s500 late tails; logical alignment approximate, not complete120s fixed-event comparisons.",,,,,,,baseline_500_active_late_tail,reference_9258_500_active_matching_late_24_sample_tail,569.9900793784303,61.15083331395607,-89.27159690557411,
observed_DB_rate_comparison,,,,,,,,,,,,,,,,,,,,,,,,"Actual ~118s1000 spans or matched24-point/~46s500 late tails; logical alignment approximate, not complete120s fixed-event comparisons.",,,,,,,baseline_500_active_late_tail,current_68_500_active_matching_late_24_sample_tail,569.9900793784303,62.45680127269303,-89.04247573206858,
observed_DB_rate_comparison,,,,,,,,,,,,,,,,,,,,,,,,"Actual ~118s1000 spans or matched24-point/~46s500 late tails; logical alignment approximate, not complete120s fixed-event comparisons.",,,,,,,baseline_1000_off_post_reset,reference_753_1000_off_post_reset,7.305072320329944,3.0169479145709643,-58.700642755105534,True
observed_DB_rate_comparison,,,,,,,,,,,,,,,,,,,,,,,,"Actual ~118s1000 spans or matched24-point/~46s500 late tails; logical alignment approximate, not complete120s fixed-event comparisons.",,,,,,,baseline_1000_off_post_reset,reference_9258_1000_off_post_reset,7.305072320329944,3.016998977206649,-58.69994375263923,True
observed_DB_rate_comparison,,,,,,,,,,,,,,,,,,,,,,,,"Actual ~118s1000 spans or matched24-point/~46s500 late tails; logical alignment approximate, not complete120s fixed-event comparisons.",,,,,,,baseline_1000_off_post_reset,current_68_1000_off_post_reset,7.305072320329944,3.0085050077838464,-58.816218705854475,True
observed_DB_rate_comparison,,,,,,,,,,,,,,,,,,,,,,,,"Actual ~118s1000 spans or matched24-point/~46s500 late tails; logical alignment approximate, not complete120s fixed-event comparisons.",,,,,,,baseline_1000_active_post_reset,reference_753_1000_active_post_reset,644.0229948147067,80.35617838407484,-87.52277806366304,
observed_DB_rate_comparison,,,,,,,,,,,,,,,,,,,,,,,,"Actual ~118s1000 spans or matched24-point/~46s500 late tails; logical alignment approximate, not complete120s fixed-event comparisons.",,,,,,,baseline_1000_active_post_reset,reference_9258_1000_active_post_reset,644.0229948147067,82.6261290897379,-87.17031383118386,
observed_DB_rate_comparison,,,,,,,,,,,,,,,,,,,,,,,,"Actual ~118s1000 spans or matched24-point/~46s500 late tails; logical alignment approximate, not complete120s fixed-event comparisons.",,,,,,,baseline_1000_active_post_reset,current_68_1000_active_post_reset,644.0229948147067,83.11955704526258,-87.09369731911869,
